{
  "type": "FeatureCollection",
  "features": [
    {
      "type": "Feature",
      "properties": {
        "value": -2.5
      },
      "geometry": {
        "type": "LineString",
        "coordinates": [
          [
            -2.73567,
            56.9375
          ],
          [
            -2.75234,
            56.8125
          ],
          [
            -2.76935,
            56.6875
          ],
          [
            -2.78547,
            56.5625
          ],
          [
            -2.79931,
            56.4375
          ],
          [
            -2.80974,
            56.3125
          ],
          [
            -2.8125,
            56.27142
          ],
          [
            -2.81674,
            56.1875
          ],
          [
            -2.82305,
            56.0625
          ],
          [
            -2.82438,
            55.9375
          ],
          [
            -2.81922,
            55.8125
          ],
          [
            -2.8125,
            55.75036
          ],
          [
            -2.80279,
            55.6875
          ],
          [
            -2.76808,
            55.5625
          ],
          [
            -2.71398,
            55.4375
          ],
          [
            -2.6875,
            55.39512
          ],
          [
            -2.59305,
            55.3125
          ],
          [
            -2.5625,
            55.2931
          ],
          [
            -2.4375,
            55.27809
          ],
          [
            -2.34596,
            55.3125
          ],
          [
            -2.3125,
            55.32885
          ],
          [
            -2.21279,
            55.4375
          ],
          [
            -2.1875,
            55.47233
          ],
          [
            -2.14472,
            55.5625
          ],
          [
            -2.09659,
            55.6875
          ],
          [
            -2.0625,
            55.7941
          ],
          [
            -2.05813,
            55.8125
          ],
          [
            -2.03365,
            55.9375
          ],
          [
            -2.0122,
            56.0625
          ],
          [
            -1.99307,
            56.1875
          ],
          [
            -1.97742,
            56.3125
          ],
          [
            -1.96401,
            56.4375
          ],
          [
            -1.95203,
            56.5625
          ],
          [
            -1.94115,
            56.6875
          ],
          [
            -1.9375,
            56.73328
          ],
          [
            -1.93276,
            56.8125
          ],
          [
            -1.92578,
            56.9375
          ]
        ]
      }
    },
    {
      "type": "Feature",
      "properties": {
        "value": -2.5
      },
      "geometry": {
        "type": "LineString",
        "coordinates": [
          [
            7.1875,
            57
          ],
          [
            7.1982,
            56.9375
          ],
          [
            7.21429,
            56.8125
          ],
          [
            7.23269,
            56.6875
          ],
          [
            7.25317,
            56.5625
          ],
          [
            7.27565,
            56.4375
          ],
          [
            7.30026,
            56.3125
          ],
          [
            7.3125,
            56.25983
          ],
          [
            7.33199,
            56.1875
          ],
          [
            7.3759,
            56.0625
          ],
          [
            7.42648,
            55.9375
          ],
          [
            7.4375,
            55.91376
          ],
          [
            7.49298,
            55.8125
          ],
          [
            7.5625,
            55.70271
          ],
          [
            7.5741,
            55.6875
          ],
          [
            7.68355,
            55.5625
          ],
          [
            7.6875,
            55.55854
          ],
          [
            7.8125,
            55.45725
          ],
          [
            7.84352,
            55.4375
          ],
          [
            7.9375,
            55.38437
          ],
          [
            8.0625,
            55.33105
          ],
          [
            8.12216,
            55.3125
          ],
          [
            8.1875,
            55.29419
          ],
          [
            8.3125,
            55.27037
          ],
          [
            8.4375,
            55.25596
          ],
          [
            8.5625,
            55.24905
          ],
          [
            8.6875,
            55.24812
          ],
          [
            8.8125,
            55.25218
          ],
          [
            8.9375,
            55.26053
          ],
          [
            9.0625,
            55.27252
          ],
          [
            9.1875,
            55.28757
          ],
          [
            9.3125,
            55.30144
          ],
          [
            9.40862,
            55.3125
          ],
          [
            9.4375,
            55.31641
          ],
          [
            9.5625,
            55.33531
          ],
          [
            9.6875,
            55.35564
          ],
          [
            9.8125,
            55.3767
          ],
          [
            9.9375,
            55.39792
          ]
        ]
      }
    },
    {
      "type": "Feature",
      "properties": {
        "value": -2
      },
      "geometry": {
        "type": "LineString",
        "coordinates": [
          [
            9.71514,
            45.0625
          ],
          [
            9.6875,
            45.10896
          ],
          [
            9.63998,
            45.1875
          ],
          [
            9.5625,
            45.31057
          ],
          [
            9.56124,
            45.3125
          ],
          [
            9.47825,
            45.4375
          ],
          [
            9.4375,
            45.49786
          ],
          [
            9.39142,
            45.5625
          ],
          [
            9.3125,
            45.67114
          ],
          [
            9.30108,
            45.6875
          ],
          [
            9.20199,
            45.8125
          ],
          [
            9.1875,
            45.82666
          ],
          [
            9.09004,
            45.9375
          ],
          [
            9.0625,
            45.96689
          ],
          [
            8.96774,
            46.0625
          ],
          [
            8.9375,
            46.09107
          ],
          [
            8.82804,
            46.1875
          ],
          [
            8.8125,
            46.20026
          ],
          [
            8.6875,
            46.29488
          ],
          [
            8.66183,
            46.3125
          ],
          [
            8.5625,
            46.37585
          ],
          [
            8.45329,
            46.4375
          ],
          [
            8.4375,
            46.44574
          ],
          [
            8.3125,
            46.50098
          ],
          [
            8.1875,
            46.54325
          ],
          [
            8.10014,
            46.5625
          ],
          [
            8.0625,
            46.57022
          ],
          [
            7.9375,
            46.57989
          ],
          [
            7.8125,
            46.5711
          ],
          [
            7.77645,
            46.5625
          ],
          [
            7.6875,
            46.53961
          ],
          [
            7.5625,
            46.48198
          ],
          [
            7.49725,
            46.4375
          ],
          [
            7.4375,
            46.39291
          ],
          [
            7.35782,
            46.3125
          ],
          [
            7.3125,
            46.26234
          ],
          [
            7.25973,
            46.1875
          ],
          [
            7.1875,
            46.07503
          ],
          [
            7.18098,
            46.0625
          ],
          [
            7.12123,
            45.9375
          ],
          [
            7.06677,
            45.8125
          ],
          [
            7.0625,
            45.79977
          ],
          [
            7.03088,
            45.6875
          ],
          [
            7.00047,
            45.5625
          ],
          [
            6.97165,
            45.4375
          ],
          [
            6.94462,
            45.3125
          ],
          [
            6.9375,
            45.27708
          ],
          [
            6.92198,
            45.1875
          ],
          [
            6.90248,
            45.0625
          ]
        ]
      }
    },
    {
      "type": "Feature",
      "properties": {
        "value": -2
      },
      "geometry": {
        "type": "LineString",
        "coordinates": [
          [
            -1.46759,
            45.0625
          ],
          [
            -1.50893,
            45.1875
          ],
          [
            -1.55688,
            45.3125
          ],
          [
            -1.5625,
            45.32529
          ],
          [
            -1.61562,
            45.4375
          ],
          [
            -1.683,
            45.5625
          ],
          [
            -1.6875,
            45.57
          ],
          [
            -1.76444,
            45.6875
          ],
          [
            -1.8125,
            45.74982
          ],
          [
            -1.86615,
            45.8125
          ],
          [
            -1.9375,
            45.87838
          ],
          [
            -2.00998,
            45.9375
          ],
          [
            -2.0625,
            45.97636
          ],
          [
            -2.1875,
            46.05568
          ],
          [
            -2.20077,
            46.0625
          ],
          [
            -2.3125,
            46.11557
          ],
          [
            -2.4375,
            46.15898
          ],
          [
            -2.5625,
            46.1833
          ],
          [
            -2.6875,
            46.18493
          ],
          [
            -2.8125,
            46.16024
          ],
          [
            -2.9375,
            46.10542
          ],
          [
            -2.999,
            46.0625
          ],
          [
            -3.0625,
            46.01162
          ],
          [
            -3.12947,
            45.9375
          ],
          [
            -3.1875,
            45.86187
          ],
          [
            -3.21751,
            45.8125
          ],
          [
            -3.27548,
            45.6875
          ],
          [
            -3.3125,
            45.58976
          ],
          [
            -3.32126,
            45.5625
          ],
          [
            -3.35671,
            45.4375
          ],
          [
            -3.38683,
            45.3125
          ],
          [
            -3.41208,
            45.1875
          ],
          [
            -3.43299,
            45.0625
          ],
          [
            -3.4375,
            45
          ]
        ]
      }
    },
    {
      "type": "Feature",
      "properties": {
        "value": -2
      },
      "geometry": {
        "type": "LineString",
        "coordinates": [
          [
            -3.90533,
            56.9375
          ],
          [
            -3.89974,
            56.8125
          ],
          [
            -3.89371,
            56.6875
          ],
          [
            -3.8873,
            56.5625
          ],
          [
            -3.88034,
            56.4375
          ],
          [
            -3.87259,
            56.3125
          ],
          [
            -3.86327,
            56.1875
          ],
          [
            -3.85111,
            56.0625
          ],
          [
            -3.837,
            55.9375
          ],
          [
            -3.82078,
            55.8125
          ],
          [
            -3.8125,
            55.75759
          ],
          [
            -3.80177,
            55.6875
          ],
          [
            -3.77976,
            55.5625
          ],
          [
            -3.75488,
            55.4375
          ],
          [
            -3.72673,
            55.3125
          ],
          [
            -3.69478,
            55.1875
          ],
          [
            -3.6875,
            55.16298
          ],
          [
            -3.65585,
            55.0625
          ],
          [
            -3.61045,
            54.9375
          ],
          [
            -3.5625,
            54.82197
          ],
          [
            -3.55816,
            54.8125
          ],
          [
            -3.49244,
            54.6875
          ],
          [
            -3.4375,
            54.59546
          ],
          [
            -3.41475,
            54.5625
          ],
          [
            -3.31673,
            54.4375
          ],
          [
            -3.3125,
            54.43268
          ],
          [
            -3.1875,
            54.31593
          ],
          [
            -3.18286,
            54.3125
          ],
          [
            -3.0625,
            54.2331
          ],
          [
            -2.96805,
            54.1875
          ],
          [
            -2.9375,
            54.17416
          ],
          [
            -2.8125,
            54.13732
          ],
          [
            -2.6875,
            54.118
          ],
          [
            -2.5625,
            54.1146
          ],
          [
            -2.4375,
            54.12551
          ],
          [
            -2.3125,
            54.14932
          ],
          [
            -2.1875,
            54.18494
          ],
          [
            -2.18084,
            54.1875
          ],
          [
            -2.0625,
            54.23583
          ],
          [
            -1.9375,
            54.29856
          ],
          [
            -1.91443,
            54.3125
          ],
          [
            -1.8125,
            54.38046
          ],
          [
            -1.739,
            54.4375
          ],
          [
            -1.6875,
            54.48285
          ],
          [
            -1.60849,
            54.5625
          ],
          [
            -1.5625,
            54.61594
          ],
          [
            -1.50767,
            54.6875
          ],
          [
            -1.4375,
            54.79351
          ],
          [
            -1.42607,
            54.8125
          ],
          [
            -1.36169,
            54.9375
          ],
          [
            -1.3125,
            55.04749
          ],
          [
            -1.30628,
            55.0625
          ],
          [
            -1.26187,
            55.1875
          ],
          [
            -1.2227,
            55.3125
          ],
          [
            -1.18754,
            55.4375
          ],
          [
            -1.1875,
            55.43765
          ],
          [
            -1.15823,
            55.5625
          ],
          [
            -1.13132,
            55.6875
          ],
          [
            -1.10619,
            55.8125
          ],
          [
            -1.08239,
            55.9375
          ],
          [
            -1.0625,
            56.04707
          ],
          [
            -1.05987,
            56.0625
          ],
          [
            -1.03987,
            56.1875
          ],
          [
            -1.02336,
            56.3125
          ],
          [
            -1.00848,
            56.4375
          ],
          [
            -0.99398,
            56.5625
          ],
          [
            -0.97977,
            56.6875
          ],
          [
            -0.96583,
            56.8125
          ],
          [
            -0.95223,
            56.9375
          ],
          [
            -0.9375,
            57
          ]
        ]
      }
    },
    {
      "type": "Feature",
      "properties": {
        "value": -2
      },
      "geometry": {
        "type": "LineString",
        "coordinates": [
          [
            6.61671,
            56.9375
          ],
          [
            6.62403,
            56.8125
          ],
          [
            6.63256,
            56.6875
          ],
          [
            6.64219,
            56.5625
          ],
          [
            6.65284,
            56.4375
          ],
          [
            6.66453,
            56.3125
          ],
          [
            6.67838,
            56.1875
          ],
          [
            6.6875,
            56.12448
          ],
          [
            6.69686,
            56.0625
          ],
          [
            6.71851,
            55.9375
          ],
          [
            6.74362,
            55.8125
          ],
          [
            6.77279,
            55.6875
          ],
          [
            6.80669,
            55.5625
          ],
          [
            6.8125,
            55.54356
          ],
          [
            6.84775,
            55.4375
          ],
          [
            6.89562,
            55.3125
          ],
          [
            6.9375,
            55.21606
          ],
          [
            6.95135,
            55.1875
          ],
          [
            7.01882,
            55.0625
          ],
          [
            7.0625,
            54.99057
          ],
          [
            7.09967,
            54.9375
          ],
          [
            7.1875,
            54.82481
          ],
          [
            7.19892,
            54.8125
          ],
          [
            7.3125,
            54.70009
          ],
          [
            7.32826,
            54.6875
          ],
          [
            7.4375,
            54.60576
          ],
          [
            7.5132,
            54.5625
          ],
          [
            7.5625,
            54.53569
          ],
          [
            7.6875,
            54.48566
          ],
          [
            7.8125,
            54.45194
          ],
          [
            7.89805,
            54.4375
          ],
          [
            7.9375,
            54.43104
          ],
          [
            8.0625,
            54.4201
          ],
          [
            8.1875,
            54.41707
          ],
          [
            8.3125,
            54.42018
          ],
          [
            8.4375,
            54.42789
          ],
          [
            8.54822,
            54.4375
          ],
          [
            8.5625,
            54.43869
          ],
          [
            8.6875,
            54.45131
          ],
          [
            8.8125,
            54.46509
          ],
          [
            8.9375,
            54.4794
          ],
          [
            9.0625,
            54.49369
          ],
          [
            9.1875,
            54.5075
          ],
          [
            9.3125,
            54.51877
          ],
          [
            9.4375,
            54.52901
          ],
          [
            9.5625,
            54.53908
          ],
          [
            9.6875,
            54.54882
          ],
          [
            9.8125,
            54.55802
          ],
          [
            9.87882,
            54.5625
          ],
          [
            9.9375,
            54.56656
          ],
          [
            10,
            54.5625
          ]
        ]
      }
    },
    {
      "type": "Feature",
      "properties": {
        "value": -1.5
      },
      "geometry": {
        "type": "LineString",
        "coordinates": [
          [
            9.9375,
            47.39255
          ],
          [
            9.8125,
            47.42844
          ],
          [
            9.78201,
            47.4375
          ],
          [
            9.6875,
            47.46266
          ],
          [
            9.5625,
            47.49686
          ],
          [
            9.4375,
            47.53167
          ],
          [
            9.32727,
            47.5625
          ],
          [
            9.3125,
            47.56627
          ],
          [
            9.1875,
            47.60091
          ],
          [
            9.0625,
            47.64321
          ],
          [
            8.9375,
            47.68569
          ],
          [
            8.93201,
            47.6875
          ],
          [
            8.8125,
            47.72415
          ],
          [
            8.6875,
            47.76087
          ],
          [
            8.5625,
            47.795
          ],
          [
            8.49028,
            47.8125
          ],
          [
            8.4375,
            47.82447
          ],
          [
            8.3125,
            47.84755
          ],
          [
            8.1875,
            47.86332
          ],
          [
            8.0625,
            47.87003
          ],
          [
            7.9375,
            47.86593
          ],
          [
            7.8125,
            47.84953
          ],
          [
            7.6875,
            47.81996
          ],
          [
            7.66632,
            47.8125
          ],
          [
            7.5625,
            47.77448
          ],
          [
            7.4375,
            47.71557
          ],
          [
            7.38878,
            47.6875
          ],
          [
            7.3125,
            47.64186
          ],
          [
            7.19721,
            47.5625
          ],
          [
            7.1875,
            47.55551
          ],
          [
            7.0625,
            47.45316
          ],
          [
            7.04523,
            47.4375
          ],
          [
            6.9375,
            47.33494
          ],
          [
            6.91594,
            47.3125
          ],
          [
            6.8125,
            47.19861
          ],
          [
            6.80321,
            47.1875
          ],
          [
            6.706,
            47.0625
          ],
          [
            6.6875,
            47.0369
          ],
          [
            6.62131,
            46.9375
          ],
          [
            6.5625,
            46.84268
          ],
          [
            6.54506,
            46.8125
          ],
          [
            6.4794,
            46.6875
          ],
          [
            6.4375,
            46.60034
          ],
          [
            6.42046,
            46.5625
          ],
          [
            6.37084,
            46.4375
          ],
          [
            6.32727,
            46.3125
          ],
          [
            6.3125,
            46.26309
          ],
          [
            6.29134,
            46.1875
          ],
          [
            6.2614,
            46.0625
          ],
          [
            6.23567,
            45.9375
          ],
          [
            6.2135,
            45.8125
          ],
          [
            6.19655,
            45.6875
          ],
          [
            6.1875,
            45.60751
          ],
          [
            6.18272,
            45.5625
          ],
          [
            6.17095,
            45.4375
          ],
          [
            6.16072,
            45.3125
          ],
          [
            6.15218,
            45.1875
          ],
          [
            6.14538,
            45.0625
          ]
        ]
      }
    },
    {
      "type": "Feature",
      "properties": {
        "value": -1.5
      },
      "geometry": {
        "type": "LineString",
        "coordinates": [
          [
            -0.6875,
            45
          ],
          [
            -0.69165,
            45.0625
          ],
          [
            -0.7135,
            45.1875
          ],
          [
            -0.73856,
            45.3125
          ],
          [
            -0.76724,
            45.4375
          ],
          [
            -0.79989,
            45.5625
          ],
          [
            -0.8125,
            45.60578
          ],
          [
            -0.83888,
            45.6875
          ],
          [
            -0.88723,
            45.8125
          ],
          [
            -0.9375,
            45.91149
          ],
          [
            -0.95221,
            45.9375
          ],
          [
            -1.03172,
            46.0625
          ],
          [
            -1.0625,
            46.10557
          ],
          [
            -1.12732,
            46.1875
          ],
          [
            -1.1875,
            46.25575
          ],
          [
            -1.24222,
            46.3125
          ],
          [
            -1.3125,
            46.37898
          ],
          [
            -1.37936,
            46.4375
          ],
          [
            -1.4375,
            46.48486
          ],
          [
            -1.5397,
            46.5625
          ],
          [
            -1.5625,
            46.57909
          ],
          [
            -1.6875,
            46.66438
          ],
          [
            -1.72389,
            46.6875
          ],
          [
            -1.8125,
            46.74337
          ],
          [
            -1.93115,
            46.8125
          ],
          [
            -1.9375,
            46.81625
          ],
          [
            -2.0625,
            46.88419
          ],
          [
            -2.17173,
            46.9375
          ],
          [
            -2.1875,
            46.94547
          ],
          [
            -2.3125,
            47.00049
          ],
          [
            -2.4375,
            47.04577
          ],
          [
            -2.49964,
            47.0625
          ],
          [
            -2.5625,
            47.08027
          ],
          [
            -2.6875,
            47.10146
          ],
          [
            -2.8125,
            47.10713
          ],
          [
            -2.9375,
            47.09609
          ],
          [
            -3.0625,
            47.06726
          ],
          [
            -3.07533,
            47.0625
          ],
          [
            -3.1875,
            47.01997
          ],
          [
            -3.3125,
            46.95209
          ],
          [
            -3.33347,
            46.9375
          ],
          [
            -3.4375,
            46.86044
          ],
          [
            -3.48953,
            46.8125
          ],
          [
            -3.5625,
            46.73859
          ],
          [
            -3.60469,
            46.6875
          ],
          [
            -3.6875,
            46.57322
          ],
          [
            -3.6942,
            46.5625
          ],
          [
            -3.76282,
            46.4375
          ],
          [
            -3.8125,
            46.32786
          ],
          [
            -3.81871,
            46.3125
          ],
          [
            -3.86219,
            46.1875
          ],
          [
            -3.89772,
            46.0625
          ],
          [
            -3.92662,
            45.9375
          ],
          [
            -3.9375,
            45.88063
          ],
          [
            -3.94973,
            45.8125
          ],
          [
            -3.96666,
            45.6875
          ],
          [
            -3.98045,
            45.5625
          ],
          [
            -3.99236,
            45.4375
          ],
          [
            -4.00258,
            45.3125
          ],
          [
            -4.01125,
            45.1875
          ],
          [
            -4.01854,
            45.0625
          ]
        ]
      }
    },
    {
      "type": "Feature",
      "properties": {
        "value": -1.5
      },
      "geometry": {
        "type": "LineString",
        "coordinates": [
          [
            -4.72063,
            56.9375
          ],
          [
            -4.70149,
            56.8125
          ],
          [
            -4.6875,
            56.72799
          ],
          [
            -4.68097,
            56.6875
          ],
          [
            -4.65952,
            56.5625
          ],
          [
            -4.63709,
            56.4375
          ],
          [
            -4.61361,
            56.3125
          ],
          [
            -4.58694,
            56.1875
          ],
          [
            -4.5625,
            56.0969
          ],
          [
            -4.5536,
            56.0625
          ],
          [
            -4.51807,
            55.9375
          ],
          [
            -4.48025,
            55.8125
          ],
          [
            -4.44044,
            55.6875
          ],
          [
            -4.4375,
            55.67894
          ],
          [
            -4.39938,
            55.5625
          ],
          [
            -4.35689,
            55.4375
          ],
          [
            -4.3132,
            55.3125
          ],
          [
            -4.3125,
            55.31059
          ],
          [
            -4.26875,
            55.1875
          ],
          [
            -4.22317,
            55.0625
          ],
          [
            -4.1875,
            54.96807
          ],
          [
            -4.17611,
            54.9375
          ],
          [
            -4.12706,
            54.8125
          ],
          [
            -4.07659,
            54.6875
          ],
          [
            -4.0625,
            54.65383
          ],
          [
            -4.02314,
            54.5625
          ],
          [
            -3.96718,
            54.4375
          ],
          [
            -3.9375,
            54.37394
          ],
          [
            -3.90665,
            54.3125
          ],
          [
            -3.84018,
            54.1875
          ],
          [
            -3.8125,
            54.13847
          ],
          [
            -3.76439,
            54.0625
          ],
          [
            -3.6875,
            53.94973
          ],
          [
            -3.67785,
            53.9375
          ],
          [
            -3.57252,
            53.8125
          ],
          [
            -3.5625,
            53.80122
          ],
          [
            -3.44122,
            53.6875
          ],
          [
            -3.4375,
            53.68414
          ],
          [
            -3.3125,
            53.59293
          ],
          [
            -3.2574,
            53.5625
          ],
          [
            -3.1875,
            53.52432
          ],
          [
            -3.0625,
            53.47671
          ],
          [
            -2.9375,
            53.44903
          ],
          [
            -2.8125,
            53.43984
          ],
          [
            -2.6875,
            53.44759
          ],
          [
            -2.5625,
            53.47043
          ],
          [
            -2.4375,
            53.50637
          ],
          [
            -2.3125,
            53.55374
          ],
          [
            -2.29383,
            53.5625
          ],
          [
            -2.1875,
            53.60813
          ],
          [
            -2.0625,
            53.67036
          ],
          [
            -2.03234,
            53.6875
          ],
          [
            -1.9375,
            53.73798
          ],
          [
            -1.8125,
            53.81219
          ],
          [
            -1.81203,
            53.8125
          ],
          [
            -1.6875,
            53.89216
          ],
          [
            -1.62317,
            53.9375
          ],
          [
            -1.5625,
            53.9807
          ],
          [
            -1.45798,
            54.0625
          ],
          [
            -1.4375,
            54.07933
          ],
          [
            -1.31679,
            54.1875
          ],
          [
            -1.3125,
            54.19168
          ],
          [
            -1.19722,
            54.3125
          ],
          [
            -1.1875,
            54.32388
          ],
          [
            -1.09584,
            54.4375
          ],
          [
            -1.0625,
            54.48453
          ],
          [
            -1.00942,
            54.5625
          ],
          [
            -0.9375,
            54.68371
          ],
          [
            -0.93531,
            54.6875
          ],
          [
            -0.87218,
            54.8125
          ],
          [
            -0.81722,
            54.9375
          ],
          [
            -0.8125,
            54.94975
          ],
          [
            -0.76988,
            55.0625
          ],
          [
            -0.72836,
            55.1875
          ],
          [
            -0.6913,
            55.3125
          ],
          [
            -0.6875,
            55.32661
          ],
          [
            -0.65804,
            55.4375
          ],
          [
            -0.62756,
            55.5625
          ],
          [
            -0.59917,
            55.6875
          ],
          [
            -0.57234,
            55.8125
          ],
          [
            -0.5625,
            55.86083
          ],
          [
            -0.54703,
            55.9375
          ],
          [
            -0.52305,
            56.0625
          ],
          [
            -0.50021,
            56.1875
          ],
          [
            -0.48156,
            56.3125
          ],
          [
            -0.46474,
            56.4375
          ],
          [
            -0.44808,
            56.5625
          ],
          [
            -0.4375,
            56.64207
          ],
          [
            -0.43152,
            56.6875
          ],
          [
            -0.41512,
            56.8125
          ],
          [
            -0.3989,
            56.9375
          ]
        ]
      }
    },
    {
      "type": "Feature",
      "properties": {
        "value": -1.5
      },
      "geometry": {
        "type": "LineString",
        "coordinates": [
          [
            6.08178,
            56.9375
          ],
          [
            6.08457,
            56.8125
          ],
          [
            6.08818,
            56.6875
          ],
          [
            6.09261,
            56.5625
          ],
          [
            6.09782,
            56.4375
          ],
          [
            6.1038,
            56.3125
          ],
          [
            6.11101,
            56.1875
          ],
          [
            6.12047,
            56.0625
          ],
          [
            6.13176,
            55.9375
          ],
          [
            6.14518,
            55.8125
          ],
          [
            6.16111,
            55.6875
          ],
          [
            6.17997,
            55.5625
          ],
          [
            6.1875,
            55.51988
          ],
          [
            6.202,
            55.4375
          ],
          [
            6.22772,
            55.3125
          ],
          [
            6.25747,
            55.1875
          ],
          [
            6.29155,
            55.0625
          ],
          [
            6.3125,
            54.99451
          ],
          [
            6.3305,
            54.9375
          ],
          [
            6.37504,
            54.8125
          ],
          [
            6.42542,
            54.6875
          ],
          [
            6.4375,
            54.6604
          ],
          [
            6.48332,
            54.5625
          ],
          [
            6.54812,
            54.4375
          ],
          [
            6.5625,
            54.41203
          ],
          [
            6.62267,
            54.3125
          ],
          [
            6.6875,
            54.21364
          ],
          [
            6.70622,
            54.1875
          ],
          [
            6.80205,
            54.0625
          ],
          [
            6.8125,
            54.04965
          ],
          [
            6.91375,
            53.9375
          ],
          [
            6.9375,
            53.91239
          ],
          [
            7.04459,
            53.8125
          ],
          [
            7.0625,
            53.79636
          ],
          [
            7.1875,
            53.69958
          ],
          [
            7.20641,
            53.6875
          ],
          [
            7.3125,
            53.62105
          ],
          [
            7.43084,
            53.5625
          ],
          [
            7.4375,
            53.55924
          ],
          [
            7.5625,
            53.51465
          ],
          [
            7.6875,
            53.48613
          ],
          [
            7.8125,
            53.47299
          ],
          [
            7.9375,
            53.47368
          ],
          [
            8.0625,
            53.48615
          ],
          [
            8.1875,
            53.50825
          ],
          [
            8.3125,
            53.53801
          ],
          [
            8.39832,
            53.5625
          ],
          [
            8.4375,
            53.57316
          ],
          [
            8.5625,
            53.61048
          ],
          [
            8.6875,
            53.64926
          ],
          [
            8.80916,
            53.6875
          ],
          [
            8.8125,
            53.68848
          ],
          [
            8.9375,
            53.72506
          ],
          [
            9.0625,
            53.76039
          ],
          [
            9.1875,
            53.79383
          ],
          [
            9.27436,
            53.8125
          ],
          [
            9.3125,
            53.82007
          ],
          [
            9.4375,
            53.84205
          ],
          [
            9.5625,
            53.86286
          ],
          [
            9.6875,
            53.8824
          ],
          [
            9.8125,
            53.90058
          ],
          [
            9.9375,
            53.91728
          ]
        ]
      }
    },
    {
      "type": "Feature",
      "properties": {
        "value": -1
      },
      "geometry": {
        "type": "LineString",
        "coordinates": [
          [
            10,
            48.1875
          ],
          [
            9.9375,
            48.18146
          ],
          [
            9.91304,
            48.1875
          ],
          [
            9.8125,
            48.213
          ],
          [
            9.6875,
            48.24568
          ],
          [
            9.5625,
            48.27866
          ],
          [
            9.4375,
            48.31147
          ],
          [
            9.43349,
            48.3125
          ],
          [
            9.3125,
            48.34473
          ],
          [
            9.1875,
            48.38038
          ],
          [
            9.0625,
            48.42345
          ],
          [
            9.02052,
            48.4375
          ],
          [
            8.9375,
            48.46661
          ],
          [
            8.8125,
            48.50799
          ],
          [
            8.6875,
            48.5459
          ],
          [
            8.62557,
            48.5625
          ],
          [
            8.5625,
            48.58033
          ],
          [
            8.4375,
            48.60969
          ],
          [
            8.3125,
            48.63109
          ],
          [
            8.1875,
            48.64212
          ],
          [
            8.0625,
            48.64115
          ],
          [
            7.9375,
            48.62646
          ],
          [
            7.8125,
            48.59642
          ],
          [
            7.72199,
            48.5625
          ],
          [
            7.6875,
            48.55043
          ],
          [
            7.5625,
            48.49021
          ],
          [
            7.47631,
            48.4375
          ],
          [
            7.4375,
            48.41511
          ],
          [
            7.3125,
            48.32821
          ],
          [
            7.29312,
            48.3125
          ],
          [
            7.1875,
            48.23111
          ],
          [
            7.13733,
            48.1875
          ],
          [
            7.0625,
            48.12502
          ],
          [
            6.99462,
            48.0625
          ],
          [
            6.9375,
            48.01145
          ],
          [
            6.86128,
            47.9375
          ],
          [
            6.8125,
            47.89105
          ],
          [
            6.73552,
            47.8125
          ],
          [
            6.6875,
            47.76374
          ],
          [
            6.61657,
            47.6875
          ],
          [
            6.5625,
            47.62879
          ],
          [
            6.50414,
            47.5625
          ],
          [
            6.4375,
            47.48488
          ],
          [
            6.39823,
            47.4375
          ],
          [
            6.3125,
            47.33001
          ],
          [
            6.29893,
            47.3125
          ],
          [
            6.20743,
            47.1875
          ],
          [
            6.1875,
            47.15844
          ],
          [
            6.12343,
            47.0625
          ],
          [
            6.0625,
            46.9649
          ],
          [
            6.04578,
            46.9375
          ],
          [
            5.9761,
            46.8125
          ],
          [
            5.9375,
            46.7371
          ],
          [
            5.91269,
            46.6875
          ],
          [
            5.85648,
            46.5625
          ],
          [
            5.8125,
            46.4529
          ],
          [
            5.80647,
            46.4375
          ],
          [
            5.76458,
            46.3125
          ],
          [
            5.72862,
            46.1875
          ],
          [
            5.69814,
            46.0625
          ],
          [
            5.6875,
            46.01024
          ],
          [
            5.67315,
            45.9375
          ],
          [
            5.6526,
            45.8125
          ],
          [
            5.63682,
            45.6875
          ],
          [
            5.62386,
            45.5625
          ],
          [
            5.61287,
            45.4375
          ],
          [
            5.60388,
            45.3125
          ],
          [
            5.5969,
            45.1875
          ],
          [
            5.59186,
            45.0625
          ]
        ]
      }
    },
    {
      "type": "Feature",
      "properties": {
        "value": -1
      },
      "geometry": {
        "type": "LineString",
        "coordinates": [
          [
            -0.16138,
            45.0625
          ],
          [
            -0.17507,
            45.1875
          ],
          [
            -0.1875,
            45.28851
          ],
          [
            -0.19057,
            45.3125
          ],
          [
            -0.20843,
            45.4375
          ],
          [
            -0.22837,
            45.5625
          ],
          [
            -0.25044,
            45.6875
          ],
          [
            -0.27671,
            45.8125
          ],
          [
            -0.31105,
            45.9375
          ],
          [
            -0.3125,
            45.94226
          ],
          [
            -0.35187,
            46.0625
          ],
          [
            -0.39825,
            46.1875
          ],
          [
            -0.4375,
            46.2808
          ],
          [
            -0.45217,
            46.3125
          ],
          [
            -0.51734,
            46.4375
          ],
          [
            -0.5625,
            46.51438
          ],
          [
            -0.5941,
            46.5625
          ],
          [
            -0.68414,
            46.6875
          ],
          [
            -0.6875,
            46.69192
          ],
          [
            -0.79004,
            46.8125
          ],
          [
            -0.8125,
            46.83814
          ],
          [
            -0.90904,
            46.9375
          ],
          [
            -0.9375,
            46.96688
          ],
          [
            -1.03874,
            47.0625
          ],
          [
            -1.0625,
            47.08563
          ],
          [
            -1.17498,
            47.1875
          ],
          [
            -1.1875,
            47.19942
          ],
          [
            -1.3125,
            47.31166
          ],
          [
            -1.31349,
            47.3125
          ],
          [
            -1.4375,
            47.42504
          ],
          [
            -1.45198,
            47.4375
          ],
          [
            -1.5625,
            47.53952
          ],
          [
            -1.58898,
            47.5625
          ],
          [
            -1.6875,
            47.65444
          ],
          [
            -1.72568,
            47.6875
          ],
          [
            -1.8125,
            47.76835
          ],
          [
            -1.86445,
            47.8125
          ],
          [
            -1.9375,
            47.87904
          ],
          [
            -2.00934,
            47.9375
          ],
          [
            -2.0625,
            47.98349
          ],
          [
            -2.16808,
            48.0625
          ],
          [
            -2.1875,
            48.07775
          ],
          [
            -2.3125,
            48.15887
          ],
          [
            -2.37051,
            48.1875
          ],
          [
            -2.4375,
            48.22144
          ],
          [
            -2.5625,
            48.26246
          ],
          [
            -2.6875,
            48.2796
          ],
          [
            -2.8125,
            48.2734
          ],
          [
            -2.9375,
            48.24541
          ],
          [
            -3.0625,
            48.1979
          ],
          [
            -3.08199,
            48.1875
          ],
          [
            -3.1875,
            48.1353
          ],
          [
            -3.30619,
            48.0625
          ],
          [
            -3.3125,
            48.05887
          ],
          [
            -3.4375,
            47.97194
          ],
          [
            -3.48049,
            47.9375
          ],
          [
            -3.5625,
            47.87473
          ],
          [
            -3.63428,
            47.8125
          ],
          [
            -3.6875,
            47.76758
          ],
          [
            -3.77224,
            47.6875
          ],
          [
            -3.8125,
            47.6497
          ],
          [
            -3.8964,
            47.5625
          ],
          [
            -3.9375,
            47.51916
          ],
          [
            -4.0082,
            47.4375
          ],
          [
            -4.0625,
            47.37229
          ],
          [
            -4.10824,
            47.3125
          ],
          [
            -4.1875,
            47.20132
          ],
          [
            -4.19654,
            47.1875
          ],
          [
            -4.27004,
            47.0625
          ],
          [
            -4.3125,
            46.97941
          ],
          [
            -4.33197,
            46.9375
          ],
          [
            -4.38115,
            46.8125
          ],
          [
            -4.42148,
            46.6875
          ],
          [
            -4.4375,
            46.62659
          ],
          [
            -4.453,
            46.5625
          ],
          [
            -4.47763,
            46.4375
          ],
          [
            -4.49747,
            46.3125
          ],
          [
            -4.51353,
            46.1875
          ],
          [
            -4.52664,
            46.0625
          ],
          [
            -4.53745,
            45.9375
          ],
          [
            -4.54644,
            45.8125
          ],
          [
            -4.55293,
            45.6875
          ],
          [
            -4.55826,
            45.5625
          ],
          [
            -4.5625,
            45.45655
          ],
          [
            -4.56326,
            45.4375
          ],
          [
            -4.56819,
            45.3125
          ],
          [
            -4.57304,
            45.1875
          ],
          [
            -4.57773,
            45.0625
          ]
        ]
      }
    },
    {
      "type": "Feature",
      "properties": {
        "value": -1
      },
      "geometry": {
        "type": "LineString",
        "coordinates": [
          [
            -5.53743,
            56.9375
          ],
          [
            -5.50927,
            56.8125
          ],
          [
            -5.47848,
            56.6875
          ],
          [
            -5.44541,
            56.5625
          ],
          [
            -5.4375,
            56.53475
          ],
          [
            -5.40966,
            56.4375
          ],
          [
            -5.37178,
            56.3125
          ],
          [
            -5.32902,
            56.1875
          ],
          [
            -5.3125,
            56.14904
          ],
          [
            -5.27578,
            56.0625
          ],
          [
            -5.21851,
            55.9375
          ],
          [
            -5.1875,
            55.87444
          ],
          [
            -5.15775,
            55.8125
          ],
          [
            -5.09417,
            55.6875
          ],
          [
            -5.0625,
            55.62823
          ],
          [
            -5.02853,
            55.5625
          ],
          [
            -4.96126,
            55.4375
          ],
          [
            -4.9375,
            55.39493
          ],
          [
            -4.89346,
            55.3125
          ],
          [
            -4.82585,
            55.1875
          ],
          [
            -4.8125,
            55.16335
          ],
          [
            -4.75953,
            55.0625
          ],
          [
            -4.69382,
            54.9375
          ],
          [
            -4.6875,
            54.92563
          ],
          [
            -4.63032,
            54.8125
          ],
          [
            -4.56797,
            54.6875
          ],
          [
            -4.5625,
            54.67646
          ],
          [
            -4.50842,
            54.5625
          ],
          [
            -4.45044,
            54.4375
          ],
          [
            -4.4375,
            54.40926
          ],
          [
            -4.39419,
            54.3125
          ],
          [
            -4.33854,
            54.1875
          ],
          [
            -4.3125,
            54.12952
          ],
          [
            -4.28213,
            54.0625
          ],
          [
            -4.22372,
            53.9375
          ],
          [
            -4.1875,
            53.86318
          ],
          [
            -4.16159,
            53.8125
          ],
          [
            -4.09441,
            53.6875
          ],
          [
            -4.0625,
            53.63094
          ],
          [
            -4.0206,
            53.5625
          ],
          [
            -3.94056,
            53.4375
          ],
          [
            -3.9375,
            53.43286
          ],
          [
            -3.84959,
            53.3125
          ],
          [
            -3.8125,
            53.26264
          ],
          [
            -3.74974,
            53.1875
          ],
          [
            -3.6875,
            53.11283
          ],
          [
            -3.63972,
            53.0625
          ],
          [
            -3.5625,
            52.97906
          ],
          [
            -3.51792,
            52.9375
          ],
          [
            -3.4375,
            52.85853
          ],
          [
            -3.38194,
            52.8125
          ],
          [
            -3.3125,
            52.75026
          ],
          [
            -3.22682,
            52.6875
          ],
          [
            -3.1875,
            52.65552
          ],
          [
            -3.0625,
            52.57706
          ],
          [
            -3.02844,
            52.5625
          ],
          [
            -2.9375,
            52.51805
          ],
          [
            -2.8125,
            52.48579
          ],
          [
            -2.6875,
            52.48465
          ],
          [
            -2.5625,
            52.51701
          ],
          [
            -2.47696,
            52.5625
          ],
          [
            -2.4375,
            52.58231
          ],
          [
            -2.3125,
            52.67509
          ],
          [
            -2.29958,
            52.6875
          ],
          [
            -2.1875,
            52.78661
          ],
          [
            -2.1632,
            52.8125
          ],
          [
            -2.0625,
            52.90934
          ],
          [
            -2.03696,
            52.9375
          ],
          [
            -1.9375,
            53.03517
          ],
          [
            -1.9125,
            53.0625
          ],
          [
            -1.8125,
            53.15915
          ],
          [
            -1.78572,
            53.1875
          ],
          [
            -1.6875,
            53.2793
          ],
          [
            -1.65478,
            53.3125
          ],
          [
            -1.5625,
            53.39565
          ],
          [
            -1.5195,
            53.4375
          ],
          [
            -1.4375,
            53.50936
          ],
          [
            -1.3811,
            53.5625
          ],
          [
            -1.3125,
            53.62209
          ],
          [
            -1.24208,
            53.6875
          ],
          [
            -1.1875,
            53.73581
          ],
          [
            -1.10593,
            53.8125
          ],
          [
            -1.0625,
            53.85296
          ],
          [
            -0.97644,
            53.9375
          ],
          [
            -0.9375,
            53.9769
          ],
          [
            -0.85669,
            54.0625
          ],
          [
            -0.8125,
            54.1124
          ],
          [
            -0.74845,
            54.1875
          ],
          [
            -0.6875,
            54.26577
          ],
          [
            -0.65206,
            54.3125
          ],
          [
            -0.56709,
            54.4375
          ],
          [
            -0.5625,
            54.44507
          ],
          [
            -0.49186,
            54.5625
          ],
          [
            -0.4375,
            54.6658
          ],
          [
            -0.42603,
            54.6875
          ],
          [
            -0.36759,
            54.8125
          ],
          [
            -0.31674,
            54.9375
          ],
          [
            -0.3125,
            54.94932
          ],
          [
            -0.27118,
            55.0625
          ],
          [
            -0.23101,
            55.1875
          ],
          [
            -0.19515,
            55.3125
          ],
          [
            -0.1875,
            55.34151
          ],
          [
            -0.16158,
            55.4375
          ],
          [
            -0.13036,
            55.5625
          ],
          [
            -0.10122,
            55.6875
          ],
          [
            -0.07372,
            55.8125
          ],
          [
            -0.0625,
            55.86604
          ],
          [
            -0.04713,
            55.9375
          ],
          [
            -0.02154,
            56.0625
          ],
          [
            0.00278,
            56.1875
          ],
          [
            0.02231,
            56.3125
          ],
          [
            0.03987,
            56.4375
          ],
          [
            0.05748,
            56.5625
          ],
          [
            0.0625,
            56.59754
          ],
          [
            0.07572,
            56.6875
          ],
          [
            0.09435,
            56.8125
          ],
          [
            0.11284,
            56.9375
          ]
        ]
      }
    },
    {
      "type": "Feature",
      "properties": {
        "value": -1
      },
      "geometry": {
        "type": "LineString",
        "coordinates": [
          [
            5.38918,
            56.9375
          ],
          [
            5.39223,
            56.8125
          ],
          [
            5.39597,
            56.6875
          ],
          [
            5.40045,
            56.5625
          ],
          [
            5.40569,
            56.4375
          ],
          [
            5.41167,
            56.3125
          ],
          [
            5.41886,
            56.1875
          ],
          [
            5.42825,
            56.0625
          ],
          [
            5.4375,
            55.95762
          ],
          [
            5.43919,
            55.9375
          ],
          [
            5.45161,
            55.8125
          ],
          [
            5.46633,
            55.6875
          ],
          [
            5.48386,
            55.5625
          ],
          [
            5.50477,
            55.4375
          ],
          [
            5.52949,
            55.3125
          ],
          [
            5.55831,
            55.1875
          ],
          [
            5.5625,
            55.17178
          ],
          [
            5.59071,
            55.0625
          ],
          [
            5.62783,
            54.9375
          ],
          [
            5.67024,
            54.8125
          ],
          [
            5.6875,
            54.76785
          ],
          [
            5.71779,
            54.6875
          ],
          [
            5.77116,
            54.5625
          ],
          [
            5.8125,
            54.47609
          ],
          [
            5.83061,
            54.4375
          ],
          [
            5.89596,
            54.3125
          ],
          [
            5.9375,
            54.24021
          ],
          [
            5.96739,
            54.1875
          ],
          [
            6.0445,
            54.0625
          ],
          [
            6.0625,
            54.03536
          ],
          [
            6.12717,
            53.9375
          ],
          [
            6.1875,
            53.85111
          ],
          [
            6.21472,
            53.8125
          ],
          [
            6.30688,
            53.6875
          ],
          [
            6.3125,
            53.68017
          ],
          [
            6.40498,
            53.5625
          ],
          [
            6.4375,
            53.52222
          ],
          [
            6.50874,
            53.4375
          ],
          [
            6.5625,
            53.37482
          ],
          [
            6.61896,
            53.3125
          ],
          [
            6.6875,
            53.23781
          ],
          [
            6.73688,
            53.1875
          ],
          [
            6.8125,
            53.11096
          ],
          [
            6.86438,
            53.0625
          ],
          [
            6.9375,
            52.99419
          ],
          [
            7.00414,
            52.9375
          ],
          [
            7.0625,
            52.88746
          ],
          [
            7.15987,
            52.8125
          ],
          [
            7.1875,
            52.79086
          ],
          [
            7.3125,
            52.70449
          ],
          [
            7.34107,
            52.6875
          ],
          [
            7.4375,
            52.62837
          ],
          [
            7.5625,
            52.56337
          ],
          [
            7.56461,
            52.5625
          ],
          [
            7.6875,
            52.51015
          ],
          [
            7.8125,
            52.47014
          ],
          [
            7.9375,
            52.44386
          ],
          [
            8.00129,
            52.4375
          ],
          [
            8.0625,
            52.43116
          ],
          [
            8.1875,
            52.4315
          ],
          [
            8.24809,
            52.4375
          ],
          [
            8.3125,
            52.44406
          ],
          [
            8.4375,
            52.46776
          ],
          [
            8.5625,
            52.49994
          ],
          [
            8.6875,
            52.53822
          ],
          [
            8.75866,
            52.5625
          ],
          [
            8.8125,
            52.58114
          ],
          [
            8.9375,
            52.62762
          ],
          [
            9.0625,
            52.67651
          ],
          [
            9.09012,
            52.6875
          ],
          [
            9.1875,
            52.72635
          ],
          [
            9.3125,
            52.76659
          ],
          [
            9.4375,
            52.80342
          ],
          [
            9.46819,
            52.8125
          ],
          [
            9.5625,
            52.84014
          ],
          [
            9.6875,
            52.87641
          ],
          [
            9.8125,
            52.91183
          ],
          [
            9.90733,
            52.9375
          ],
          [
            9.9375,
            52.94545
          ],
          [
            10,
            52.9375
          ]
        ]
      }
    },
    {
      "type": "Feature",
      "properties": {
        "value": -0.5
      },
      "geometry": {
        "type": "LineString",
        "coordinates": [
          [
            -6.22706,
            56.9375
          ],
          [
            -6.20075,
            56.8125
          ],
          [
            -6.1875,
            56.75574
          ],
          [
            -6.17085,
            56.6875
          ],
          [
            -6.13774,
            56.5625
          ],
          [
            -6.10219,
            56.4375
          ],
          [
            -6.06425,
            56.3125
          ],
          [
            -6.0625,
            56.30747
          ],
          [
            -6.01929,
            56.1875
          ],
          [
            -5.96325,
            56.0625
          ],
          [
            -5.9375,
            56.0097
          ],
          [
            -5.90136,
            55.9375
          ],
          [
            -5.8342,
            55.8125
          ],
          [
            -5.8125,
            55.77465
          ],
          [
            -5.76184,
            55.6875
          ],
          [
            -5.6875,
            55.56616
          ],
          [
            -5.68525,
            55.5625
          ],
          [
            -5.60452,
            55.4375
          ],
          [
            -5.5625,
            55.37485
          ],
          [
            -5.52113,
            55.3125
          ],
          [
            -5.4375,
            55.18906
          ],
          [
            -5.43646,
            55.1875
          ],
          [
            -5.35208,
            55.0625
          ],
          [
            -5.3125,
            55.00436
          ],
          [
            -5.26829,
            54.9375
          ],
          [
            -5.1875,
            54.81538
          ],
          [
            -5.18566,
            54.8125
          ],
          [
            -5.10625,
            54.6875
          ],
          [
            -5.0625,
            54.61742
          ],
          [
            -5.02962,
            54.5625
          ],
          [
            -4.95671,
            54.4375
          ],
          [
            -4.9375,
            54.40368
          ],
          [
            -4.88818,
            54.3125
          ],
          [
            -4.82238,
            54.1875
          ],
          [
            -4.8125,
            54.16841
          ],
          [
            -4.76027,
            54.0625
          ],
          [
            -4.69883,
            53.9375
          ],
          [
            -4.6875,
            53.91467
          ],
          [
            -4.63859,
            53.8125
          ],
          [
            -4.577,
            53.6875
          ],
          [
            -4.5625,
            53.65913
          ],
          [
            -4.51397,
            53.5625
          ],
          [
            -4.44799,
            53.4375
          ],
          [
            -4.4375,
            53.41849
          ],
          [
            -4.37894,
            53.3125
          ],
          [
            -4.3125,
            53.1975
          ],
          [
            -4.30659,
            53.1875
          ],
          [
            -4.23068,
            53.0625
          ],
          [
            -4.1875,
            52.99274
          ],
          [
            -4.15192,
            52.9375
          ],
          [
            -4.07169,
            52.8125
          ],
          [
            -4.0625,
            52.79788
          ],
          [
            -3.9895,
            52.6875
          ],
          [
            -3.9375,
            52.60492
          ],
          [
            -3.90907,
            52.5625
          ],
          [
            -3.83137,
            52.4375
          ],
          [
            -3.8125,
            52.40419
          ],
          [
            -3.75698,
            52.3125
          ],
          [
            -3.69005,
            52.1875
          ],
          [
            -3.6875,
            52.18211
          ],
          [
            -3.62639,
            52.0625
          ],
          [
            -3.57173,
            51.9375
          ],
          [
            -3.5625,
            51.91288
          ],
          [
            -3.52077,
            51.8125
          ],
          [
            -3.47682,
            51.6875
          ],
          [
            -3.43993,
            51.5625
          ],
          [
            -3.4375,
            51.5526
          ],
          [
            -3.40457,
            51.4375
          ],
          [
            -3.37471,
            51.3125
          ],
          [
            -3.34974,
            51.1875
          ],
          [
            -3.32876,
            51.0625
          ],
          [
            -3.3125,
            50.94802
          ],
          [
            -3.31062,
            50.9375
          ],
          [
            -3.2917,
            50.8125
          ],
          [
            -3.27557,
            50.6875
          ],
          [
            -3.26272,
            50.5625
          ],
          [
            -3.25407,
            50.4375
          ],
          [
            -3.25064,
            50.3125
          ],
          [
            -3.25333,
            50.1875
          ],
          [
            -3.26282,
            50.0625
          ],
          [
            -3.27964,
            49.9375
          ],
          [
            -3.30429,
            49.8125
          ],
          [
            -3.3125,
            49.7815
          ],
          [
            -3.33253,
            49.6875
          ],
          [
            -3.3669,
            49.5625
          ],
          [
            -3.41006,
            49.4375
          ],
          [
            -3.4375,
            49.37252
          ],
          [
            -3.45917,
            49.3125
          ],
          [
            -3.51373,
            49.1875
          ],
          [
            -3.5625,
            49.09382
          ],
          [
            -3.57697,
            49.0625
          ],
          [
            -3.64384,
            48.9375
          ],
          [
            -3.6875,
            48.86655
          ],
          [
            -3.71773,
            48.8125
          ],
          [
            -3.79692,
            48.6875
          ],
          [
            -3.8125,
            48.66533
          ],
          [
            -3.87932,
            48.5625
          ],
          [
            -3.9375,
            48.48199
          ],
          [
            -3.96766,
            48.4375
          ],
          [
            -4.06048,
            48.3125
          ],
          [
            -4.0625,
            48.30994
          ],
          [
            -4.15451,
            48.1875
          ],
          [
            -4.1875,
            48.1462
          ],
          [
            -4.2514,
            48.0625
          ],
          [
            -4.3125,
            47.98578
          ],
          [
            -4.34922,
            47.9375
          ],
          [
            -4.4375,
            47.82391
          ],
          [
            -4.44594,
            47.8125
          ],
          [
            -4.53732,
            47.6875
          ],
          [
            -4.5625,
            47.65218
          ],
          [
            -4.62266,
            47.5625
          ],
          [
            -4.6875,
            47.46117
          ],
          [
            -4.70173,
            47.4375
          ],
          [
            -4.77082,
            47.3125
          ],
          [
            -4.8125,
            47.22897
          ],
          [
            -4.83195,
            47.1875
          ],
          [
            -4.883,
            47.0625
          ],
          [
            -4.92664,
            46.9375
          ],
          [
            -4.9375,
            46.90006
          ],
          [
            -4.96187,
            46.8125
          ],
          [
            -4.99112,
            46.6875
          ],
          [
            -5.01614,
            46.5625
          ],
          [
            -5.0377,
            46.4375
          ],
          [
            -5.05656,
            46.3125
          ],
          [
            -5.0625,
            46.26812
          ],
          [
            -5.07339,
            46.1875
          ],
          [
            -5.08909,
            46.0625
          ],
          [
            -5.1042,
            45.9375
          ],
          [
            -5.11896,
            45.8125
          ],
          [
            -5.13063,
            45.6875
          ],
          [
            -5.1412,
            45.5625
          ],
          [
            -5.15219,
            45.4375
          ],
          [
            -5.16373,
            45.3125
          ],
          [
            -5.17572,
            45.1875
          ],
          [
            -5.1875,
            45.06529
          ],
          [
            -5.18778,
            45.0625
          ]
        ]
      }
    },
    {
      "type": "Feature",
      "properties": {
        "value": -0.5
      },
      "geometry": {
        "type": "LineString",
        "coordinates": [
          [
            9.9375,
            49.11806
          ],
          [
            9.8125,
            49.1726
          ],
          [
            9.77869,
            49.1875
          ],
          [
            9.6875,
            49.23195
          ],
          [
            9.5625,
            49.29143
          ],
          [
            9.51667,
            49.3125
          ],
          [
            9.4375,
            49.3525
          ],
          [
            9.3125,
            49.41257
          ],
          [
            9.26374,
            49.4375
          ],
          [
            9.1875,
            49.48021
          ],
          [
            9.06667,
            49.5625
          ],
          [
            9.0625,
            49.56561
          ],
          [
            8.9375,
            49.65454
          ],
          [
            8.88718,
            49.6875
          ],
          [
            8.8125,
            49.74166
          ],
          [
            8.70274,
            49.8125
          ],
          [
            8.6875,
            49.82359
          ],
          [
            8.5625,
            49.90125
          ],
          [
            8.48824,
            49.9375
          ],
          [
            8.4375,
            49.96626
          ],
          [
            8.3125,
            50.0114
          ],
          [
            8.1875,
            50.02252
          ],
          [
            8.0625,
            49.99525
          ],
          [
            7.95952,
            49.9375
          ],
          [
            7.9375,
            49.92694
          ],
          [
            7.8125,
            49.8262
          ],
          [
            7.80064,
            49.8125
          ],
          [
            7.6875,
            49.69685
          ],
          [
            7.68056,
            49.6875
          ],
          [
            7.57751,
            49.5625
          ],
          [
            7.5625,
            49.54603
          ],
          [
            7.48346,
            49.4375
          ],
          [
            7.4375,
            49.37996
          ],
          [
            7.39256,
            49.3125
          ],
          [
            7.3125,
            49.2029
          ],
          [
            7.30282,
            49.1875
          ],
          [
            7.21548,
            49.0625
          ],
          [
            7.1875,
            49.02652
          ],
          [
            7.12674,
            48.9375
          ],
          [
            7.0625,
            48.85247
          ],
          [
            7.03552,
            48.8125
          ],
          [
            6.94232,
            48.6875
          ],
          [
            6.9375,
            48.68167
          ],
          [
            6.84824,
            48.5625
          ],
          [
            6.8125,
            48.51872
          ],
          [
            6.75158,
            48.4375
          ],
          [
            6.6875,
            48.35852
          ],
          [
            6.65272,
            48.3125
          ],
          [
            6.5625,
            48.20124
          ],
          [
            6.55198,
            48.1875
          ],
          [
            6.45002,
            48.0625
          ],
          [
            6.4375,
            48.04788
          ],
          [
            6.34695,
            47.9375
          ],
          [
            6.3125,
            47.89691
          ],
          [
            6.24324,
            47.8125
          ],
          [
            6.1875,
            47.74583
          ],
          [
            6.14004,
            47.6875
          ],
          [
            6.0625,
            47.59238
          ],
          [
            6.03865,
            47.5625
          ],
          [
            5.94036,
            47.4375
          ],
          [
            5.9375,
            47.43374
          ],
          [
            5.8465,
            47.3125
          ],
          [
            5.8125,
            47.26509
          ],
          [
            5.75725,
            47.1875
          ],
          [
            5.6875,
            47.08371
          ],
          [
            5.67329,
            47.0625
          ],
          [
            5.59561,
            46.9375
          ],
          [
            5.5625,
            46.87981
          ],
          [
            5.52401,
            46.8125
          ],
          [
            5.45874,
            46.6875
          ],
          [
            5.4375,
            46.64243
          ],
          [
            5.39997,
            46.5625
          ],
          [
            5.34795,
            46.4375
          ],
          [
            5.3125,
            46.33994
          ],
          [
            5.30254,
            46.3125
          ],
          [
            5.26385,
            46.1875
          ],
          [
            5.23083,
            46.0625
          ],
          [
            5.20279,
            45.9375
          ],
          [
            5.1875,
            45.85655
          ],
          [
            5.17918,
            45.8125
          ],
          [
            5.16114,
            45.6875
          ],
          [
            5.14622,
            45.5625
          ],
          [
            5.13341,
            45.4375
          ],
          [
            5.12267,
            45.3125
          ],
          [
            5.114,
            45.1875
          ],
          [
            5.10729,
            45.0625
          ]
        ]
      }
    },
    {
      "type": "Feature",
      "properties": {
        "value": -0.5
      },
      "geometry": {
        "type": "LineString",
        "coordinates": [
          [
            0.3125,
            45
          ],
          [
            0.30667,
            45.0625
          ],
          [
            0.29394,
            45.1875
          ],
          [
            0.27984,
            45.3125
          ],
          [
            0.26439,
            45.4375
          ],
          [
            0.2476,
            45.5625
          ],
          [
            0.22952,
            45.6875
          ],
          [
            0.20854,
            45.8125
          ],
          [
            0.1875,
            45.91052
          ],
          [
            0.18163,
            45.9375
          ],
          [
            0.15182,
            46.0625
          ],
          [
            0.11891,
            46.1875
          ],
          [
            0.08231,
            46.3125
          ],
          [
            0.0625,
            46.37318
          ],
          [
            0.04051,
            46.4375
          ],
          [
            -0.00745,
            46.5625
          ],
          [
            -0.06083,
            46.6875
          ],
          [
            -0.0625,
            46.69113
          ],
          [
            -0.12218,
            46.8125
          ],
          [
            -0.1875,
            46.93641
          ],
          [
            -0.18812,
            46.9375
          ],
          [
            -0.26213,
            47.0625
          ],
          [
            -0.3125,
            47.14556
          ],
          [
            -0.34005,
            47.1875
          ],
          [
            -0.42205,
            47.3125
          ],
          [
            -0.4375,
            47.33639
          ],
          [
            -0.50788,
            47.4375
          ],
          [
            -0.5625,
            47.5188
          ],
          [
            -0.59402,
            47.5625
          ],
          [
            -0.67959,
            47.6875
          ],
          [
            -0.6875,
            47.69971
          ],
          [
            -0.76515,
            47.8125
          ],
          [
            -0.8125,
            47.88665
          ],
          [
            -0.8469,
            47.9375
          ],
          [
            -0.92512,
            48.0625
          ],
          [
            -0.9375,
            48.08369
          ],
          [
            -1.00154,
            48.1875
          ],
          [
            -1.0625,
            48.29399
          ],
          [
            -1.07371,
            48.3125
          ],
          [
            -1.14599,
            48.4375
          ],
          [
            -1.1875,
            48.51249
          ],
          [
            -1.21696,
            48.5625
          ],
          [
            -1.28893,
            48.6875
          ],
          [
            -1.3125,
            48.72902
          ],
          [
            -1.36346,
            48.8125
          ],
          [
            -1.4375,
            48.93591
          ],
          [
            -1.43853,
            48.9375
          ],
          [
            -1.51924,
            49.0625
          ],
          [
            -1.5625,
            49.13144
          ],
          [
            -1.601,
            49.1875
          ],
          [
            -1.68314,
            49.3125
          ],
          [
            -1.6875,
            49.31951
          ],
          [
            -1.76793,
            49.4375
          ],
          [
            -1.8125,
            49.50954
          ],
          [
            -1.84862,
            49.5625
          ],
          [
            -1.92335,
            49.6875
          ],
          [
            -1.9375,
            49.71548
          ],
          [
            -1.99192,
            49.8125
          ],
          [
            -2.0467,
            49.9375
          ],
          [
            -2.0625,
            49.98746
          ],
          [
            -2.08932,
            50.0625
          ],
          [
            -2.11628,
            50.1875
          ],
          [
            -2.1259,
            50.3125
          ],
          [
            -2.11906,
            50.4375
          ],
          [
            -2.09676,
            50.5625
          ],
          [
            -2.0625,
            50.67991
          ],
          [
            -2.06056,
            50.6875
          ],
          [
            -2.01774,
            50.8125
          ],
          [
            -1.96538,
            50.9375
          ],
          [
            -1.9375,
            50.99534
          ],
          [
            -1.90833,
            51.0625
          ],
          [
            -1.84837,
            51.1875
          ],
          [
            -1.8125,
            51.2572
          ],
          [
            -1.7865,
            51.3125
          ],
          [
            -1.72522,
            51.4375
          ],
          [
            -1.6875,
            51.51288
          ],
          [
            -1.66463,
            51.5625
          ],
          [
            -1.60711,
            51.6875
          ],
          [
            -1.5625,
            51.78593
          ],
          [
            -1.55135,
            51.8125
          ],
          [
            -1.50035,
            51.9375
          ],
          [
            -1.45078,
            52.0625
          ],
          [
            -1.4375,
            52.09678
          ],
          [
            -1.4048,
            52.1875
          ],
          [
            -1.35976,
            52.3125
          ],
          [
            -1.31355,
            52.4375
          ],
          [
            -1.3125,
            52.44018
          ],
          [
            -1.26769,
            52.5625
          ],
          [
            -1.21793,
            52.6875
          ],
          [
            -1.1875,
            52.7562
          ],
          [
            -1.16402,
            52.8125
          ],
          [
            -1.10464,
            52.9375
          ],
          [
            -1.0625,
            53.0147
          ],
          [
            -1.03782,
            53.0625
          ],
          [
            -0.96296,
            53.1875
          ],
          [
            -0.9375,
            53.22434
          ],
          [
            -0.87959,
            53.3125
          ],
          [
            -0.8125,
            53.40209
          ],
          [
            -0.78723,
            53.4375
          ],
          [
            -0.6875,
            53.56241
          ],
          [
            -0.68743,
            53.5625
          ],
          [
            -0.5831,
            53.6875
          ],
          [
            -0.5625,
            53.71104
          ],
          [
            -0.47664,
            53.8125
          ],
          [
            -0.4375,
            53.85834
          ],
          [
            -0.37146,
            53.9375
          ],
          [
            -0.3125,
            54.01005
          ],
          [
            -0.27044,
            54.0625
          ],
          [
            -0.1875,
            54.1718
          ],
          [
            -0.17565,
            54.1875
          ],
          [
            -0.08796,
            54.3125
          ],
          [
            -0.0625,
            54.35237
          ],
          [
            -0.008,
            54.4375
          ],
          [
            0.0625,
            54.55999
          ],
          [
            0.06395,
            54.5625
          ],
          [
            0.12885,
            54.6875
          ],
          [
            0.18625,
            54.8125
          ],
          [
            0.1875,
            54.81559
          ],
          [
            0.23772,
            54.9375
          ],
          [
            0.28322,
            55.0625
          ],
          [
            0.3125,
            55.15289
          ],
          [
            0.32396,
            55.1875
          ],
          [
            0.36155,
            55.3125
          ],
          [
            0.39639,
            55.4375
          ],
          [
            0.42888,
            55.5625
          ],
          [
            0.4375,
            55.59787
          ],
          [
            0.46009,
            55.6875
          ],
          [
            0.48987,
            55.8125
          ],
          [
            0.51802,
            55.9375
          ],
          [
            0.54457,
            56.0625
          ],
          [
            0.5625,
            56.15176
          ],
          [
            0.56996,
            56.1875
          ],
          [
            0.59097,
            56.3125
          ],
          [
            0.60989,
            56.4375
          ],
          [
            0.62884,
            56.5625
          ],
          [
            0.64807,
            56.6875
          ],
          [
            0.66746,
            56.8125
          ],
          [
            0.68639,
            56.9375
          ],
          [
            0.6875,
            57
          ]
        ]
      }
    },
    {
      "type": "Feature",
      "properties": {
        "value": -0.5
      },
      "geometry": {
        "type": "LineString",
        "coordinates": [
          [
            4.42701,
            56.9375
          ],
          [
            4.4375,
            56.82883
          ],
          [
            4.43905,
            56.8125
          ],
          [
            4.45147,
            56.6875
          ],
          [
            4.4643,
            56.5625
          ],
          [
            4.47761,
            56.4375
          ],
          [
            4.49146,
            56.3125
          ],
          [
            4.5074,
            56.1875
          ],
          [
            4.52783,
            56.0625
          ],
          [
            4.5498,
            55.9375
          ],
          [
            4.5625,
            55.87115
          ],
          [
            4.57354,
            55.8125
          ],
          [
            4.59944,
            55.6875
          ],
          [
            4.62803,
            55.5625
          ],
          [
            4.65993,
            55.4375
          ],
          [
            4.6875,
            55.34129
          ],
          [
            4.69565,
            55.3125
          ],
          [
            4.73578,
            55.1875
          ],
          [
            4.78066,
            55.0625
          ],
          [
            4.8125,
            54.98342
          ],
          [
            4.83078,
            54.9375
          ],
          [
            4.88692,
            54.8125
          ],
          [
            4.9375,
            54.71134
          ],
          [
            4.94924,
            54.6875
          ],
          [
            5.0186,
            54.5625
          ],
          [
            5.0625,
            54.49124
          ],
          [
            5.09487,
            54.4375
          ],
          [
            5.17814,
            54.3125
          ],
          [
            5.1875,
            54.29979
          ],
          [
            5.26756,
            54.1875
          ],
          [
            5.3125,
            54.12918
          ],
          [
            5.36201,
            54.0625
          ],
          [
            5.4375,
            53.96697
          ],
          [
            5.45997,
            53.9375
          ],
          [
            5.5598,
            53.8125
          ],
          [
            5.5625,
            53.80923
          ],
          [
            5.66034,
            53.6875
          ],
          [
            5.6875,
            53.65413
          ],
          [
            5.76075,
            53.5625
          ],
          [
            5.8125,
            53.49802
          ],
          [
            5.8607,
            53.4375
          ],
          [
            5.9375,
            53.34085
          ],
          [
            5.96009,
            53.3125
          ],
          [
            6.05898,
            53.1875
          ],
          [
            6.0625,
            53.18297
          ],
          [
            6.15811,
            53.0625
          ],
          [
            6.1875,
            53.02464
          ],
          [
            6.25726,
            52.9375
          ],
          [
            6.3125,
            52.8669
          ],
          [
            6.35696,
            52.8125
          ],
          [
            6.4375,
            52.71157
          ],
          [
            6.45783,
            52.6875
          ],
          [
            6.5608,
            52.5625
          ],
          [
            6.5625,
            52.56037
          ],
          [
            6.66772,
            52.4375
          ],
          [
            6.6875,
            52.41376
          ],
          [
            6.77824,
            52.3125
          ],
          [
            6.8125,
            52.27313
          ],
          [
            6.89288,
            52.1875
          ],
          [
            6.9375,
            52.13819
          ],
          [
            7.01168,
            52.0625
          ],
          [
            7.0625,
            52.00806
          ],
          [
            7.13419,
            51.9375
          ],
          [
            7.1875,
            51.88165
          ],
          [
            7.2599,
            51.8125
          ],
          [
            7.3125,
            51.75815
          ],
          [
            7.38864,
            51.6875
          ],
          [
            7.4375,
            51.63754
          ],
          [
            7.5213,
            51.5625
          ],
          [
            7.5625,
            51.52099
          ],
          [
            7.66091,
            51.4375
          ],
          [
            7.6875,
            51.41147
          ],
          [
            7.8125,
            51.31413
          ],
          [
            7.81534,
            51.3125
          ],
          [
            7.9375,
            51.22906
          ],
          [
            8.0326,
            51.1875
          ],
          [
            8.0625,
            51.17122
          ],
          [
            8.1875,
            51.13883
          ],
          [
            8.3125,
            51.1389
          ],
          [
            8.4375,
            51.16681
          ],
          [
            8.49116,
            51.1875
          ],
          [
            8.5625,
            51.20929
          ],
          [
            8.6875,
            51.25875
          ],
          [
            8.80371,
            51.3125
          ],
          [
            8.8125,
            51.31594
          ],
          [
            8.9375,
            51.37069
          ],
          [
            9.0625,
            51.42902
          ],
          [
            9.07999,
            51.4375
          ],
          [
            9.1875,
            51.48406
          ],
          [
            9.3125,
            51.52627
          ],
          [
            9.42931,
            51.5625
          ],
          [
            9.4375,
            51.56487
          ],
          [
            9.5625,
            51.60278
          ],
          [
            9.6875,
            51.64159
          ],
          [
            9.8125,
            51.6803
          ],
          [
            9.83666,
            51.6875
          ],
          [
            9.9375,
            51.71642
          ]
        ]
      }
    },
    {
      "type": "Feature",
      "properties": {
        "value": 0
      },
      "geometry": {
        "type": "LineString",
        "coordinates": [
          [
            -6.8125,
            57
          ],
          [
            -6.80035,
            56.9375
          ],
          [
            -6.77768,
            56.8125
          ],
          [
            -6.75214,
            56.6875
          ],
          [
            -6.72375,
            56.5625
          ],
          [
            -6.69242,
            56.4375
          ],
          [
            -6.6875,
            56.41927
          ],
          [
            -6.65969,
            56.3125
          ],
          [
            -6.6216,
            56.1875
          ],
          [
            -6.57231,
            56.0625
          ],
          [
            -6.5625,
            56.03986
          ],
          [
            -6.51896,
            55.9375
          ],
          [
            -6.46009,
            55.8125
          ],
          [
            -6.4375,
            55.76845
          ],
          [
            -6.39621,
            55.6875
          ],
          [
            -6.32689,
            55.5625
          ],
          [
            -6.3125,
            55.53826
          ],
          [
            -6.25261,
            55.4375
          ],
          [
            -6.1875,
            55.33475
          ],
          [
            -6.17329,
            55.3125
          ],
          [
            -6.09081,
            55.1875
          ],
          [
            -6.0625,
            55.14587
          ],
          [
            -6.00548,
            55.0625
          ],
          [
            -5.9375,
            54.96531
          ],
          [
            -5.91798,
            54.9375
          ],
          [
            -5.82945,
            54.8125
          ],
          [
            -5.8125,
            54.78865
          ],
          [
            -5.74096,
            54.6875
          ],
          [
            -5.6875,
            54.61181
          ],
          [
            -5.65317,
            54.5625
          ],
          [
            -5.567,
            54.4375
          ],
          [
            -5.5625,
            54.43087
          ],
          [
            -5.48454,
            54.3125
          ],
          [
            -5.4375,
            54.24017
          ],
          [
            -5.40454,
            54.1875
          ],
          [
            -5.32737,
            54.0625
          ],
          [
            -5.3125,
            54.03819
          ],
          [
            -5.2536,
            53.9375
          ],
          [
            -5.1875,
            53.8248
          ],
          [
            -5.18061,
            53.8125
          ],
          [
            -5.11,
            53.6875
          ],
          [
            -5.0625,
            53.60583
          ],
          [
            -5.03845,
            53.5625
          ],
          [
            -4.96627,
            53.4375
          ],
          [
            -4.9375,
            53.38992
          ],
          [
            -4.89268,
            53.3125
          ],
          [
            -4.81664,
            53.1875
          ],
          [
            -4.8125,
            53.18094
          ],
          [
            -4.74054,
            53.0625
          ],
          [
            -4.6875,
            52.97827
          ],
          [
            -4.66262,
            52.9375
          ],
          [
            -4.58498,
            52.8125
          ],
          [
            -4.5625,
            52.77635
          ],
          [
            -4.50861,
            52.6875
          ],
          [
            -4.4375,
            52.56845
          ],
          [
            -4.434,
            52.5625
          ],
          [
            -4.36361,
            52.4375
          ],
          [
            -4.3125,
            52.3414
          ],
          [
            -4.29726,
            52.3125
          ],
          [
            -4.23652,
            52.1875
          ],
          [
            -4.1875,
            52.07579
          ],
          [
            -4.18165,
            52.0625
          ],
          [
            -4.13298,
            51.9375
          ],
          [
            -4.09104,
            51.8125
          ],
          [
            -4.0625,
            51.71187
          ],
          [
            -4.05546,
            51.6875
          ],
          [
            -4.02549,
            51.5625
          ],
          [
            -4.00143,
            51.4375
          ],
          [
            -3.9827,
            51.3125
          ],
          [
            -3.96864,
            51.1875
          ],
          [
            -3.9585,
            51.0625
          ],
          [
            -3.95156,
            50.9375
          ],
          [
            -3.94723,
            50.8125
          ],
          [
            -3.94513,
            50.6875
          ],
          [
            -3.94516,
            50.5625
          ],
          [
            -3.94733,
            50.4375
          ],
          [
            -3.95169,
            50.3125
          ],
          [
            -3.95834,
            50.1875
          ],
          [
            -3.96748,
            50.0625
          ],
          [
            -3.97952,
            49.9375
          ],
          [
            -3.99509,
            49.8125
          ],
          [
            -4.01497,
            49.6875
          ],
          [
            -4.04005,
            49.5625
          ],
          [
            -4.0625,
            49.47211
          ],
          [
            -4.07069,
            49.4375
          ],
          [
            -4.10645,
            49.3125
          ],
          [
            -4.14932,
            49.1875
          ],
          [
            -4.1875,
            49.09236
          ],
          [
            -4.19906,
            49.0625
          ],
          [
            -4.25393,
            48.9375
          ],
          [
            -4.3125,
            48.81964
          ],
          [
            -4.31594,
            48.8125
          ],
          [
            -4.38224,
            48.6875
          ],
          [
            -4.4375,
            48.59342
          ],
          [
            -4.45511,
            48.5625
          ],
          [
            -4.53234,
            48.4375
          ],
          [
            -4.5625,
            48.39214
          ],
          [
            -4.61373,
            48.3125
          ],
          [
            -4.6875,
            48.20433
          ],
          [
            -4.69861,
            48.1875
          ],
          [
            -4.7839,
            48.0625
          ],
          [
            -4.8125,
            48.02145
          ],
          [
            -4.8689,
            47.9375
          ],
          [
            -4.9375,
            47.83543
          ],
          [
            -4.9524,
            47.8125
          ],
          [
            -5.0314,
            47.6875
          ],
          [
            -5.0625,
            47.63607
          ],
          [
            -5.10571,
            47.5625
          ],
          [
            -5.1746,
            47.4375
          ],
          [
            -5.1875,
            47.41208
          ],
          [
            -5.23725,
            47.3125
          ],
          [
            -5.2943,
            47.1875
          ],
          [
            -5.3125,
            47.14304
          ],
          [
            -5.34559,
            47.0625
          ],
          [
            -5.39159,
            46.9375
          ],
          [
            -5.43329,
            46.8125
          ],
          [
            -5.4375,
            46.79848
          ],
          [
            -5.47169,
            46.6875
          ],
          [
            -5.5079,
            46.5625
          ],
          [
            -5.54232,
            46.4375
          ],
          [
            -5.5625,
            46.36013
          ],
          [
            -5.57542,
            46.3125
          ],
          [
            -5.60786,
            46.1875
          ],
          [
            -5.64019,
            46.0625
          ],
          [
            -5.67291,
            45.9375
          ],
          [
            -5.6875,
            45.88174
          ],
          [
            -5.70643,
            45.8125
          ],
          [
            -5.73442,
            45.6875
          ],
          [
            -5.76064,
            45.5625
          ],
          [
            -5.78786,
            45.4375
          ],
          [
            -5.8125,
            45.32768
          ],
          [
            -5.81604,
            45.3125
          ],
          [
            -5.84514,
            45.1875
          ],
          [
            -5.87416,
            45.0625
          ]
        ]
      }
    },
    {
      "type": "Feature",
      "properties": {
        "value": 0
      },
      "geometry": {
        "type": "LineString",
        "coordinates": [
          [
            0.8125,
            45
          ],
          [
            0.80009,
            45.0625
          ],
          [
            0.78386,
            45.1875
          ],
          [
            0.76611,
            45.3125
          ],
          [
            0.74699,
            45.4375
          ],
          [
            0.72669,
            45.5625
          ],
          [
            0.70539,
            45.6875
          ],
          [
            0.6875,
            45.78017
          ],
          [
            0.68151,
            45.8125
          ],
          [
            0.65229,
            45.9375
          ],
          [
            0.62095,
            46.0625
          ],
          [
            0.58733,
            46.1875
          ],
          [
            0.5625,
            46.27322
          ],
          [
            0.5514,
            46.3125
          ],
          [
            0.51296,
            46.4375
          ],
          [
            0.47108,
            46.5625
          ],
          [
            0.4375,
            46.65519
          ],
          [
            0.42575,
            46.6875
          ],
          [
            0.37719,
            46.8125
          ],
          [
            0.32562,
            46.9375
          ],
          [
            0.3125,
            46.96775
          ],
          [
            0.2701,
            47.0625
          ],
          [
            0.21166,
            47.1875
          ],
          [
            0.1875,
            47.23758
          ],
          [
            0.14967,
            47.3125
          ],
          [
            0.08528,
            47.4375
          ],
          [
            0.0625,
            47.48127
          ],
          [
            0.01823,
            47.5625
          ],
          [
            -0.04937,
            47.6875
          ],
          [
            -0.0625,
            47.71212
          ],
          [
            -0.1183,
            47.8125
          ],
          [
            -0.18537,
            47.9375
          ],
          [
            -0.1875,
            47.94158
          ],
          [
            -0.25288,
            48.0625
          ],
          [
            -0.3125,
            48.17871
          ],
          [
            -0.31718,
            48.1875
          ],
          [
            -0.38146,
            48.3125
          ],
          [
            -0.4375,
            48.42736
          ],
          [
            -0.44264,
            48.4375
          ],
          [
            -0.50414,
            48.5625
          ],
          [
            -0.56247,
            48.6875
          ],
          [
            -0.5625,
            48.68757
          ],
          [
            -0.62192,
            48.8125
          ],
          [
            -0.67841,
            48.9375
          ],
          [
            -0.6875,
            48.95838
          ],
          [
            -0.73564,
            49.0625
          ],
          [
            -0.7905,
            49.1875
          ],
          [
            -0.8125,
            49.24052
          ],
          [
            -0.84461,
            49.3125
          ],
          [
            -0.8965,
            49.4375
          ],
          [
            -0.9375,
            49.54631
          ],
          [
            -0.94412,
            49.5625
          ],
          [
            -0.98931,
            49.6875
          ],
          [
            -1.02754,
            49.8125
          ],
          [
            -1.05803,
            49.9375
          ],
          [
            -1.0625,
            49.96277
          ],
          [
            -1.08177,
            50.0625
          ],
          [
            -1.09677,
            50.1875
          ],
          [
            -1.10262,
            50.3125
          ],
          [
            -1.09942,
            50.4375
          ],
          [
            -1.08756,
            50.5625
          ],
          [
            -1.06788,
            50.6875
          ],
          [
            -1.0625,
            50.71302
          ],
          [
            -1.04304,
            50.8125
          ],
          [
            -1.01358,
            50.9375
          ],
          [
            -0.98025,
            51.0625
          ],
          [
            -0.94404,
            51.1875
          ],
          [
            -0.9375,
            51.20886
          ],
          [
            -0.90826,
            51.3125
          ],
          [
            -0.87178,
            51.4375
          ],
          [
            -0.83465,
            51.5625
          ],
          [
            -0.8125,
            51.63649
          ],
          [
            -0.79844,
            51.6875
          ],
          [
            -0.76389,
            51.8125
          ],
          [
            -0.72923,
            51.9375
          ],
          [
            -0.69438,
            52.0625
          ],
          [
            -0.6875,
            52.08707
          ],
          [
            -0.66133,
            52.1875
          ],
          [
            -0.62795,
            52.3125
          ],
          [
            -0.59304,
            52.4375
          ],
          [
            -0.5625,
            52.54027
          ],
          [
            -0.55627,
            52.5625
          ],
          [
            -0.51849,
            52.6875
          ],
          [
            -0.47621,
            52.8125
          ],
          [
            -0.4375,
            52.91306
          ],
          [
            -0.42845,
            52.9375
          ],
          [
            -0.37536,
            53.0625
          ],
          [
            -0.3129,
            53.1875
          ],
          [
            -0.3125,
            53.1882
          ],
          [
            -0.24254,
            53.3125
          ],
          [
            -0.1875,
            53.39753
          ],
          [
            -0.16171,
            53.4375
          ],
          [
            -0.07191,
            53.5625
          ],
          [
            -0.0625,
            53.57468
          ],
          [
            0.02483,
            53.6875
          ],
          [
            0.0625,
            53.73424
          ],
          [
            0.12575,
            53.8125
          ],
          [
            0.1875,
            53.88871
          ],
          [
            0.22714,
            53.9375
          ],
          [
            0.3125,
            54.04577
          ],
          [
            0.32572,
            54.0625
          ],
          [
            0.41918,
            54.1875
          ],
          [
            0.4375,
            54.21382
          ],
          [
            0.50636,
            54.3125
          ],
          [
            0.5625,
            54.39989
          ],
          [
            0.58682,
            54.4375
          ],
          [
            0.66059,
            54.5625
          ],
          [
            0.6875,
            54.61272
          ],
          [
            0.7282,
            54.6875
          ],
          [
            0.78999,
            54.8125
          ],
          [
            0.8125,
            54.86274
          ],
          [
            0.84696,
            54.9375
          ],
          [
            0.89964,
            55.0625
          ],
          [
            0.9375,
            55.1597
          ],
          [
            0.94877,
            55.1875
          ],
          [
            0.99596,
            55.3125
          ],
          [
            1.04097,
            55.4375
          ],
          [
            1.0625,
            55.50063
          ],
          [
            1.0847,
            55.5625
          ],
          [
            1.12715,
            55.6875
          ],
          [
            1.16751,
            55.8125
          ],
          [
            1.1875,
            55.87843
          ],
          [
            1.20656,
            55.9375
          ],
          [
            1.2443,
            56.0625
          ],
          [
            1.2798,
            56.1875
          ],
          [
            1.30927,
            56.3125
          ],
          [
            1.3125,
            56.32776
          ],
          [
            1.33761,
            56.4375
          ],
          [
            1.3655,
            56.5625
          ],
          [
            1.39269,
            56.6875
          ],
          [
            1.41879,
            56.8125
          ],
          [
            1.4375,
            56.9093
          ],
          [
            1.44347,
            56.9375
          ]
        ]
      }
    },
    {
      "type": "Feature",
      "properties": {
        "value": 0
      },
      "geometry": {
        "type": "LineString",
        "coordinates": [
          [
            3.4293,
            56.9375
          ],
          [
            3.4375,
            56.89773
          ],
          [
            3.45444,
            56.8125
          ],
          [
            3.48044,
            56.6875
          ],
          [
            3.50713,
            56.5625
          ],
          [
            3.5344,
            56.4375
          ],
          [
            3.56223,
            56.3125
          ],
          [
            3.5625,
            56.31142
          ],
          [
            3.59306,
            56.1875
          ],
          [
            3.63077,
            56.0625
          ],
          [
            3.67018,
            55.9375
          ],
          [
            3.6875,
            55.8858
          ],
          [
            3.71166,
            55.8125
          ],
          [
            3.75509,
            55.6875
          ],
          [
            3.80033,
            55.5625
          ],
          [
            3.8125,
            55.53121
          ],
          [
            3.84862,
            55.4375
          ],
          [
            3.89962,
            55.3125
          ],
          [
            3.9375,
            55.22481
          ],
          [
            3.9536,
            55.1875
          ],
          [
            4.01183,
            55.0625
          ],
          [
            4.0625,
            54.96038
          ],
          [
            4.07389,
            54.9375
          ],
          [
            4.14171,
            54.8125
          ],
          [
            4.1875,
            54.73405
          ],
          [
            4.21481,
            54.6875
          ],
          [
            4.29448,
            54.5625
          ],
          [
            4.3125,
            54.53667
          ],
          [
            4.3819,
            54.4375
          ],
          [
            4.4375,
            54.36437
          ],
          [
            4.47697,
            54.3125
          ],
          [
            4.5625,
            54.20905
          ],
          [
            4.58026,
            54.1875
          ],
          [
            4.6875,
            54.06705
          ],
          [
            4.69151,
            54.0625
          ],
          [
            4.80941,
            53.9375
          ],
          [
            4.8125,
            53.93438
          ],
          [
            4.93102,
            53.8125
          ],
          [
            4.9375,
            53.806
          ],
          [
            5.05269,
            53.6875
          ],
          [
            5.0625,
            53.67743
          ],
          [
            5.17114,
            53.5625
          ],
          [
            5.1875,
            53.54487
          ],
          [
            5.28426,
            53.4375
          ],
          [
            5.3125,
            53.40504
          ],
          [
            5.39123,
            53.3125
          ],
          [
            5.4375,
            53.25543
          ],
          [
            5.49204,
            53.1875
          ],
          [
            5.5625,
            53.09459
          ],
          [
            5.58695,
            53.0625
          ],
          [
            5.67668,
            52.9375
          ],
          [
            5.6875,
            52.92133
          ],
          [
            5.76234,
            52.8125
          ],
          [
            5.8125,
            52.7342
          ],
          [
            5.84357,
            52.6875
          ],
          [
            5.92144,
            52.5625
          ],
          [
            5.9375,
            52.53489
          ],
          [
            5.99723,
            52.4375
          ],
          [
            6.0625,
            52.32522
          ],
          [
            6.07034,
            52.3125
          ],
          [
            6.14309,
            52.1875
          ],
          [
            6.1875,
            52.10755
          ],
          [
            6.21428,
            52.0625
          ],
          [
            6.28462,
            51.9375
          ],
          [
            6.3125,
            51.88487
          ],
          [
            6.35372,
            51.8125
          ],
          [
            6.42057,
            51.6875
          ],
          [
            6.4375,
            51.65307
          ],
          [
            6.48531,
            51.5625
          ],
          [
            6.54558,
            51.4375
          ],
          [
            6.5625,
            51.39772
          ],
          [
            6.6009,
            51.3125
          ],
          [
            6.64895,
            51.1875
          ],
          [
            6.6875,
            51.06412
          ],
          [
            6.68803,
            51.0625
          ],
          [
            6.7183,
            50.9375
          ],
          [
            6.73854,
            50.8125
          ],
          [
            6.74945,
            50.6875
          ],
          [
            6.75217,
            50.5625
          ],
          [
            6.74808,
            50.4375
          ],
          [
            6.73843,
            50.3125
          ],
          [
            6.7243,
            50.1875
          ],
          [
            6.70653,
            50.0625
          ],
          [
            6.6875,
            49.94844
          ],
          [
            6.68576,
            49.9375
          ],
          [
            6.66298,
            49.8125
          ],
          [
            6.63807,
            49.6875
          ],
          [
            6.6113,
            49.5625
          ],
          [
            6.58276,
            49.4375
          ],
          [
            6.5625,
            49.35584
          ],
          [
            6.5523,
            49.3125
          ],
          [
            6.51925,
            49.1875
          ],
          [
            6.48228,
            49.0625
          ],
          [
            6.44047,
            48.9375
          ],
          [
            6.4375,
            48.93001
          ],
          [
            6.39329,
            48.8125
          ],
          [
            6.34006,
            48.6875
          ],
          [
            6.3125,
            48.63122
          ],
          [
            6.28046,
            48.5625
          ],
          [
            6.21443,
            48.4375
          ],
          [
            6.1875,
            48.39227
          ],
          [
            6.14203,
            48.3125
          ],
          [
            6.06376,
            48.1875
          ],
          [
            6.0625,
            48.18568
          ],
          [
            5.98004,
            48.0625
          ],
          [
            5.9375,
            48.00308
          ],
          [
            5.89182,
            47.9375
          ],
          [
            5.8125,
            47.82965
          ],
          [
            5.80013,
            47.8125
          ],
          [
            5.70593,
            47.6875
          ],
          [
            5.6875,
            47.66347
          ],
          [
            5.61075,
            47.5625
          ],
          [
            5.5625,
            47.49868
          ],
          [
            5.51642,
            47.4375
          ],
          [
            5.4375,
            47.33026
          ],
          [
            5.42441,
            47.3125
          ],
          [
            5.33561,
            47.1875
          ],
          [
            5.3125,
            47.15313
          ],
          [
            5.25107,
            47.0625
          ],
          [
            5.1875,
            46.96177
          ],
          [
            5.17198,
            46.9375
          ],
          [
            5.09823,
            46.8125
          ],
          [
            5.0625,
            46.74614
          ],
          [
            5.0304,
            46.6875
          ],
          [
            4.96857,
            46.5625
          ],
          [
            4.9375,
            46.49182
          ],
          [
            4.91311,
            46.4375
          ],
          [
            4.86407,
            46.3125
          ],
          [
            4.82155,
            46.1875
          ],
          [
            4.8125,
            46.15664
          ],
          [
            4.7841,
            46.0625
          ],
          [
            4.75169,
            45.9375
          ],
          [
            4.72383,
            45.8125
          ],
          [
            4.70245,
            45.6875
          ],
          [
            4.6875,
            45.58284
          ],
          [
            4.68449,
            45.5625
          ],
          [
            4.66815,
            45.4375
          ],
          [
            4.65389,
            45.3125
          ],
          [
            4.64167,
            45.1875
          ],
          [
            4.63144,
            45.0625
          ]
        ]
      }
    },
    {
      "type": "Feature",
      "properties": {
        "value": 0.5
      },
      "geometry": {
        "type": "LineString",
        "coordinates": [
          [
            1.38976,
            45.0625
          ],
          [
            1.36586,
            45.1875
          ],
          [
            1.33963,
            45.3125
          ],
          [
            1.3125,
            45.43249
          ],
          [
            1.31144,
            45.4375
          ],
          [
            1.28341,
            45.5625
          ],
          [
            1.2542,
            45.6875
          ],
          [
            1.2213,
            45.8125
          ],
          [
            1.1875,
            45.91489
          ],
          [
            1.18051,
            45.9375
          ],
          [
            1.13903,
            46.0625
          ],
          [
            1.09478,
            46.1875
          ],
          [
            1.0625,
            46.27305
          ],
          [
            1.0485,
            46.3125
          ],
          [
            1.00114,
            46.4375
          ],
          [
            0.95083,
            46.5625
          ],
          [
            0.9375,
            46.59372
          ],
          [
            0.89943,
            46.6875
          ],
          [
            0.84661,
            46.8125
          ],
          [
            0.8125,
            46.89038
          ],
          [
            0.79255,
            46.9375
          ],
          [
            0.73764,
            47.0625
          ],
          [
            0.6875,
            47.17313
          ],
          [
            0.68109,
            47.1875
          ],
          [
            0.6235,
            47.3125
          ],
          [
            0.56437,
            47.4375
          ],
          [
            0.5625,
            47.44137
          ],
          [
            0.50387,
            47.5625
          ],
          [
            0.44259,
            47.6875
          ],
          [
            0.4375,
            47.6978
          ],
          [
            0.38013,
            47.8125
          ],
          [
            0.31779,
            47.9375
          ],
          [
            0.3125,
            47.94815
          ],
          [
            0.25475,
            48.0625
          ],
          [
            0.19275,
            48.1875
          ],
          [
            0.1875,
            48.1982
          ],
          [
            0.13055,
            48.3125
          ],
          [
            0.06979,
            48.4375
          ],
          [
            0.0625,
            48.45276
          ],
          [
            0.00941,
            48.5625
          ],
          [
            -0.04883,
            48.6875
          ],
          [
            -0.0625,
            48.71785
          ],
          [
            -0.10575,
            48.8125
          ],
          [
            -0.16006,
            48.9375
          ],
          [
            -0.1875,
            49.00415
          ],
          [
            -0.21203,
            49.0625
          ],
          [
            -0.26137,
            49.1875
          ],
          [
            -0.3068,
            49.3125
          ],
          [
            -0.3125,
            49.32977
          ],
          [
            -0.3493,
            49.4375
          ],
          [
            -0.38673,
            49.5625
          ],
          [
            -0.41824,
            49.6875
          ],
          [
            -0.4375,
            49.78361
          ],
          [
            -0.44363,
            49.8125
          ],
          [
            -0.46299,
            49.9375
          ],
          [
            -0.4754,
            50.0625
          ],
          [
            -0.48139,
            50.1875
          ],
          [
            -0.48155,
            50.3125
          ],
          [
            -0.47641,
            50.4375
          ],
          [
            -0.46644,
            50.5625
          ],
          [
            -0.45215,
            50.6875
          ],
          [
            -0.4375,
            50.78897
          ],
          [
            -0.4343,
            50.8125
          ],
          [
            -0.41438,
            50.9375
          ],
          [
            -0.39214,
            51.0625
          ],
          [
            -0.36812,
            51.1875
          ],
          [
            -0.34277,
            51.3125
          ],
          [
            -0.31646,
            51.4375
          ],
          [
            -0.3125,
            51.45577
          ],
          [
            -0.29048,
            51.5625
          ],
          [
            -0.26398,
            51.6875
          ],
          [
            -0.23663,
            51.8125
          ],
          [
            -0.20818,
            51.9375
          ],
          [
            -0.1875,
            52.0244
          ],
          [
            -0.17869,
            52.0625
          ],
          [
            -0.14836,
            52.1875
          ],
          [
            -0.1162,
            52.3125
          ],
          [
            -0.08171,
            52.4375
          ],
          [
            -0.0625,
            52.50195
          ],
          [
            -0.04453,
            52.5625
          ],
          [
            -0.00375,
            52.6875
          ],
          [
            0.0423,
            52.8125
          ],
          [
            0.0625,
            52.86101
          ],
          [
            0.09487,
            52.9375
          ],
          [
            0.15563,
            53.0625
          ],
          [
            0.1875,
            53.11984
          ],
          [
            0.22618,
            53.1875
          ],
          [
            0.30711,
            53.3125
          ],
          [
            0.3125,
            53.32008
          ],
          [
            0.39852,
            53.4375
          ],
          [
            0.4375,
            53.48705
          ],
          [
            0.49857,
            53.5625
          ],
          [
            0.5625,
            53.63878
          ],
          [
            0.6044,
            53.6875
          ],
          [
            0.6875,
            53.78407
          ],
          [
            0.71264,
            53.8125
          ],
          [
            0.8125,
            53.92879
          ],
          [
            0.82022,
            53.9375
          ],
          [
            0.92536,
            54.0625
          ],
          [
            0.9375,
            54.07792
          ],
          [
            1.02668,
            54.1875
          ],
          [
            1.0625,
            54.23506
          ],
          [
            1.12307,
            54.3125
          ],
          [
            1.1875,
            54.40204
          ],
          [
            1.2142,
            54.4375
          ],
          [
            1.30069,
            54.5625
          ],
          [
            1.3125,
            54.58104
          ],
          [
            1.38434,
            54.6875
          ],
          [
            1.4375,
            54.77258
          ],
          [
            1.46432,
            54.8125
          ],
          [
            1.54283,
            54.9375
          ],
          [
            1.5625,
            54.9707
          ],
          [
            1.62215,
            55.0625
          ],
          [
            1.6875,
            55.16759
          ],
          [
            1.70136,
            55.1875
          ],
          [
            1.78512,
            55.3125
          ],
          [
            1.8125,
            55.35464
          ],
          [
            1.87446,
            55.4375
          ],
          [
            1.9375,
            55.52463
          ],
          [
            1.97039,
            55.5625
          ],
          [
            2.0625,
            55.67273
          ],
          [
            2.07846,
            55.6875
          ],
          [
            2.1875,
            55.79297
          ],
          [
            2.21741,
            55.8125
          ],
          [
            2.3125,
            55.87792
          ],
          [
            2.4375,
            55.91926
          ],
          [
            2.5625,
            55.91403
          ],
          [
            2.6875,
            55.86103
          ],
          [
            2.74756,
            55.8125
          ],
          [
            2.8125,
            55.76387
          ],
          [
            2.88217,
            55.6875
          ],
          [
            2.9375,
            55.63087
          ],
          [
            2.98894,
            55.5625
          ],
          [
            3.0625,
            55.47087
          ],
          [
            3.08464,
            55.4375
          ],
          [
            3.17275,
            55.3125
          ],
          [
            3.1875,
            55.29277
          ],
          [
            3.25556,
            55.1875
          ],
          [
            3.3125,
            55.10461
          ],
          [
            3.33843,
            55.0625
          ],
          [
            3.42053,
            54.9375
          ],
          [
            3.4375,
            54.91347
          ],
          [
            3.50318,
            54.8125
          ],
          [
            3.5625,
            54.72785
          ],
          [
            3.58923,
            54.6875
          ],
          [
            3.6788,
            54.5625
          ],
          [
            3.6875,
            54.55136
          ],
          [
            3.77315,
            54.4375
          ],
          [
            3.8125,
            54.38952
          ],
          [
            3.87425,
            54.3125
          ],
          [
            3.9375,
            54.24018
          ],
          [
            3.98289,
            54.1875
          ],
          [
            4.0625,
            54.10256
          ],
          [
            4.09962,
            54.0625
          ],
          [
            4.1875,
            53.97454
          ],
          [
            4.22407,
            53.9375
          ],
          [
            4.3125,
            53.85308
          ],
          [
            4.35439,
            53.8125
          ],
          [
            4.4375,
            53.73481
          ],
          [
            4.48723,
            53.6875
          ],
          [
            4.5625,
            53.61659
          ],
          [
            4.61881,
            53.5625
          ],
          [
            4.6875,
            53.49547
          ],
          [
            4.74572,
            53.4375
          ],
          [
            4.8125,
            53.36831
          ],
          [
            4.86528,
            53.3125
          ],
          [
            4.9375,
            53.23126
          ],
          [
            4.97569,
            53.1875
          ],
          [
            5.0625,
            53.07962
          ],
          [
            5.07609,
            53.0625
          ],
          [
            5.16667,
            52.9375
          ],
          [
            5.1875,
            52.90543
          ],
          [
            5.24804,
            52.8125
          ],
          [
            5.3125,
            52.70128
          ],
          [
            5.32062,
            52.6875
          ],
          [
            5.38629,
            52.5625
          ],
          [
            5.4375,
            52.45311
          ],
          [
            5.44508,
            52.4375
          ],
          [
            5.49927,
            52.3125
          ],
          [
            5.54826,
            52.1875
          ],
          [
            5.5625,
            52.14701
          ],
          [
            5.594,
            52.0625
          ],
          [
            5.63624,
            51.9375
          ],
          [
            5.67461,
            51.8125
          ],
          [
            5.6875,
            51.76545
          ],
          [
            5.71041,
            51.6875
          ],
          [
            5.74326,
            51.5625
          ],
          [
            5.77264,
            51.4375
          ],
          [
            5.79864,
            51.3125
          ],
          [
            5.8125,
            51.23544
          ],
          [
            5.82179,
            51.1875
          ],
          [
            5.84201,
            51.0625
          ],
          [
            5.85817,
            50.9375
          ],
          [
            5.87026,
            50.8125
          ],
          [
            5.8786,
            50.6875
          ],
          [
            5.88373,
            50.5625
          ],
          [
            5.88618,
            50.4375
          ],
          [
            5.88651,
            50.3125
          ],
          [
            5.88521,
            50.1875
          ],
          [
            5.88264,
            50.0625
          ],
          [
            5.879,
            49.9375
          ],
          [
            5.87442,
            49.8125
          ],
          [
            5.86896,
            49.6875
          ],
          [
            5.86265,
            49.5625
          ],
          [
            5.85553,
            49.4375
          ],
          [
            5.84738,
            49.3125
          ],
          [
            5.83745,
            49.1875
          ],
          [
            5.82464,
            49.0625
          ],
          [
            5.8125,
            48.97298
          ],
          [
            5.80789,
            48.9375
          ],
          [
            5.78617,
            48.8125
          ],
          [
            5.7581,
            48.6875
          ],
          [
            5.72272,
            48.5625
          ],
          [
            5.6875,
            48.46152
          ],
          [
            5.67932,
            48.4375
          ],
          [
            5.62702,
            48.3125
          ],
          [
            5.56644,
            48.1875
          ],
          [
            5.5625,
            48.1805
          ],
          [
            5.49695,
            48.0625
          ],
          [
            5.4375,
            47.96522
          ],
          [
            5.42064,
            47.9375
          ],
          [
            5.33768,
            47.8125
          ],
          [
            5.3125,
            47.77668
          ],
          [
            5.24975,
            47.6875
          ],
          [
            5.1875,
            47.60137
          ],
          [
            5.15925,
            47.5625
          ],
          [
            5.06776,
            47.4375
          ],
          [
            5.0625,
            47.43026
          ],
          [
            4.97587,
            47.3125
          ],
          [
            4.9375,
            47.25849
          ],
          [
            4.88626,
            47.1875
          ],
          [
            4.8125,
            47.07977
          ],
          [
            4.8004,
            47.0625
          ],
          [
            4.71796,
            46.9375
          ],
          [
            4.6875,
            46.88745
          ],
          [
            4.64028,
            46.8125
          ],
          [
            4.56849,
            46.6875
          ],
          [
            4.5625,
            46.67606
          ],
          [
            4.5001,
            46.5625
          ],
          [
            4.43913,
            46.4375
          ],
          [
            4.4375,
            46.43374
          ],
          [
            4.38193,
            46.3125
          ],
          [
            4.33188,
            46.1875
          ],
          [
            4.3125,
            46.13233
          ],
          [
            4.28615,
            46.0625
          ],
          [
            4.2448,
            45.9375
          ],
          [
            4.20859,
            45.8125
          ],
          [
            4.1875,
            45.71712
          ],
          [
            4.18039,
            45.6875
          ],
          [
            4.15506,
            45.5625
          ],
          [
            4.13199,
            45.4375
          ],
          [
            4.11106,
            45.3125
          ],
          [
            4.09229,
            45.1875
          ],
          [
            4.07579,
            45.0625
          ],
          [
            4.0625,
            45
          ]
        ]
      }
    },
    {
      "type": "Feature",
      "properties": {
        "value": 0.5
      },
      "geometry": {
        "type": "LineString",
        "coordinates": [
          [
            -9.01376,
            45.0625
          ],
          [
            -9.0625,
            45.11673
          ],
          [
            -9.13143,
            45.1875
          ],
          [
            -9.1875,
            45.24497
          ],
          [
            -9.2732,
            45.3125
          ],
          [
            -9.3125,
            45.34374
          ],
          [
            -9.4375,
            45.43137
          ],
          [
            -9.44651,
            45.4375
          ],
          [
            -9.5625,
            45.51792
          ],
          [
            -9.62841,
            45.5625
          ],
          [
            -9.6875,
            45.60359
          ],
          [
            -9.8125,
            45.68697
          ],
          [
            -9.81337,
            45.6875
          ],
          [
            -9.9375,
            45.75852
          ]
        ]
      }
    },
    {
      "type": "Feature",
      "properties": {
        "value": 0.5
      },
      "geometry": {
        "type": "LineString",
        "coordinates": [
          [
            -9.9375,
            55.04445
          ],
          [
            -9.89808,
            55.0625
          ],
          [
            -9.8125,
            55.10604
          ],
          [
            -9.6875,
            55.17236
          ],
          [
            -9.65982,
            55.1875
          ],
          [
            -9.5625,
            55.24712
          ],
          [
            -9.45632,
            55.3125
          ],
          [
            -9.4375,
            55.3256
          ],
          [
            -9.3125,
            55.41162
          ],
          [
            -9.27705,
            55.4375
          ],
          [
            -9.1875,
            55.51218
          ],
          [
            -9.1358,
            55.5625
          ],
          [
            -9.0625,
            55.64391
          ],
          [
            -9.02177,
            55.6875
          ],
          [
            -8.9375,
            55.79033
          ],
          [
            -8.91843,
            55.8125
          ],
          [
            -8.82413,
            55.9375
          ],
          [
            -8.8125,
            55.95503
          ],
          [
            -8.73659,
            56.0625
          ],
          [
            -8.6875,
            56.14141
          ],
          [
            -8.65605,
            56.1875
          ],
          [
            -8.58903,
            56.3125
          ],
          [
            -8.5625,
            56.37195
          ],
          [
            -8.52876,
            56.4375
          ],
          [
            -8.47174,
            56.5625
          ],
          [
            -8.4375,
            56.64689
          ],
          [
            -8.41655,
            56.6875
          ],
          [
            -8.35889,
            56.8125
          ],
          [
            -8.3125,
            56.92452
          ],
          [
            -8.30405,
            56.9375
          ]
        ]
      }
    },
    {
      "type": "Feature",
      "properties": {
        "value": 0.5
      },
      "geometry": {
        "type": "LineString",
        "coordinates": [
          [
            -7.8728,
            56.9375
          ],
          [
            -7.8125,
            56.83629
          ],
          [
            -7.80419,
            56.8125
          ],
          [
            -7.75227,
            56.6875
          ],
          [
            -7.68849,
            56.5625
          ],
          [
            -7.6875,
            56.56083
          ],
          [
            -7.63758,
            56.4375
          ],
          [
            -7.57655,
            56.3125
          ],
          [
            -7.5625,
            56.28925
          ],
          [
            -7.51676,
            56.1875
          ],
          [
            -7.43918,
            56.0625
          ],
          [
            -7.4375,
            56.06017
          ],
          [
            -7.36749,
            55.9375
          ],
          [
            -7.3125,
            55.85617
          ],
          [
            -7.28797,
            55.8125
          ],
          [
            -7.20671,
            55.6875
          ],
          [
            -7.1875,
            55.66157
          ],
          [
            -7.12424,
            55.5625
          ],
          [
            -7.0625,
            55.47772
          ],
          [
            -7.03643,
            55.4375
          ],
          [
            -6.94636,
            55.3125
          ],
          [
            -6.9375,
            55.3011
          ],
          [
            -6.85726,
            55.1875
          ],
          [
            -6.8125,
            55.12848
          ],
          [
            -6.76618,
            55.0625
          ],
          [
            -6.6875,
            54.95637
          ],
          [
            -6.67433,
            54.9375
          ],
          [
            -6.58409,
            54.8125
          ],
          [
            -6.5625,
            54.78343
          ],
          [
            -6.49457,
            54.6875
          ],
          [
            -6.4375,
            54.60877
          ],
          [
            -6.40509,
            54.5625
          ],
          [
            -6.31617,
            54.4375
          ],
          [
            -6.3125,
            54.43238
          ],
          [
            -6.22871,
            54.3125
          ],
          [
            -6.1875,
            54.25404
          ],
          [
            -6.14146,
            54.1875
          ],
          [
            -6.0625,
            54.07384
          ],
          [
            -6.05473,
            54.0625
          ],
          [
            -5.96914,
            53.9375
          ],
          [
            -5.9375,
            53.89144
          ],
          [
            -5.88406,
            53.8125
          ],
          [
            -5.8125,
            53.70785
          ],
          [
            -5.79884,
            53.6875
          ],
          [
            -5.71319,
            53.5625
          ],
          [
            -5.6875,
            53.52616
          ],
          [
            -5.62633,
            53.4375
          ],
          [
            -5.5625,
            53.34866
          ],
          [
            -5.53734,
            53.3125
          ],
          [
            -5.44674,
            53.1875
          ],
          [
            -5.4375,
            53.17516
          ],
          [
            -5.35607,
            53.0625
          ],
          [
            -5.3125,
            53.00387
          ],
          [
            -5.265,
            52.9375
          ],
          [
            -5.1875,
            52.83109
          ],
          [
            -5.17448,
            52.8125
          ],
          [
            -5.08674,
            52.6875
          ],
          [
            -5.0625,
            52.65266
          ],
          [
            -5.00228,
            52.5625
          ],
          [
            -4.9375,
            52.46367
          ],
          [
            -4.92107,
            52.4375
          ],
          [
            -4.84542,
            52.3125
          ],
          [
            -4.8125,
            52.25542
          ],
          [
            -4.77519,
            52.1875
          ],
          [
            -4.71112,
            52.0625
          ],
          [
            -4.6875,
            52.01214
          ],
          [
            -4.65432,
            51.9375
          ],
          [
            -4.60465,
            51.8125
          ],
          [
            -4.5625,
            51.69125
          ],
          [
            -4.56126,
            51.6875
          ],
          [
            -4.52562,
            51.5625
          ],
          [
            -4.49555,
            51.4375
          ],
          [
            -4.47076,
            51.3125
          ],
          [
            -4.45086,
            51.1875
          ],
          [
            -4.4375,
            51.07983
          ],
          [
            -4.43544,
            51.0625
          ],
          [
            -4.42423,
            50.9375
          ],
          [
            -4.41653,
            50.8125
          ],
          [
            -4.41218,
            50.6875
          ],
          [
            -4.41109,
            50.5625
          ],
          [
            -4.41319,
            50.4375
          ],
          [
            -4.41836,
            50.3125
          ],
          [
            -4.42646,
            50.1875
          ],
          [
            -4.43748,
            50.0625
          ],
          [
            -4.4375,
            50.06229
          ],
          [
            -4.45163,
            49.9375
          ],
          [
            -4.4693,
            49.8125
          ],
          [
            -4.49106,
            49.6875
          ],
          [
            -4.51747,
            49.5625
          ],
          [
            -4.54909,
            49.4375
          ],
          [
            -4.5625,
            49.39239
          ],
          [
            -4.58625,
            49.3125
          ],
          [
            -4.62903,
            49.1875
          ],
          [
            -4.67741,
            49.0625
          ],
          [
            -4.6875,
            49.03908
          ],
          [
            -4.73096,
            48.9375
          ],
          [
            -4.78931,
            48.8125
          ],
          [
            -4.8125,
            48.7668
          ],
          [
            -4.85235,
            48.6875
          ],
          [
            -4.9198,
            48.5625
          ],
          [
            -4.9375,
            48.53192
          ],
          [
            -4.9914,
            48.4375
          ],
          [
            -5.0625,
            48.31905
          ],
          [
            -5.06639,
            48.3125
          ],
          [
            -5.1438,
            48.1875
          ],
          [
            -5.1875,
            48.11847
          ],
          [
            -5.22272,
            48.0625
          ],
          [
            -5.30177,
            47.9375
          ],
          [
            -5.3125,
            47.92041
          ],
          [
            -5.38046,
            47.8125
          ],
          [
            -5.4375,
            47.71886
          ],
          [
            -5.45686,
            47.6875
          ],
          [
            -5.53043,
            47.5625
          ],
          [
            -5.5625,
            47.50453
          ],
          [
            -5.60049,
            47.4375
          ],
          [
            -5.66655,
            47.3125
          ],
          [
            -5.6875,
            47.26987
          ],
          [
            -5.72965,
            47.1875
          ],
          [
            -5.78914,
            47.0625
          ],
          [
            -5.8125,
            47.00988
          ],
          [
            -5.84655,
            46.9375
          ],
          [
            -5.90185,
            46.8125
          ],
          [
            -5.9375,
            46.72817
          ],
          [
            -5.95591,
            46.6875
          ],
          [
            -6.01022,
            46.5625
          ],
          [
            -6.0625,
            46.43851
          ],
          [
            -6.06295,
            46.4375
          ],
          [
            -6.1166,
            46.3125
          ],
          [
            -6.16915,
            46.1875
          ],
          [
            -6.1875,
            46.14309
          ],
          [
            -6.22274,
            46.0625
          ],
          [
            -6.27704,
            45.9375
          ],
          [
            -6.3125,
            45.85599
          ],
          [
            -6.33229,
            45.8125
          ],
          [
            -6.37929,
            45.6875
          ],
          [
            -6.42317,
            45.5625
          ],
          [
            -6.4375,
            45.52211
          ],
          [
            -6.46846,
            45.4375
          ],
          [
            -6.51442,
            45.3125
          ],
          [
            -6.56057,
            45.1875
          ],
          [
            -6.5625,
            45.18214
          ],
          [
            -6.60663,
            45.0625
          ]
        ]
      }
    },
    {
      "type": "Feature",
      "properties": {
        "value": 1
      },
      "geometry": {
        "type": "LineString",
        "coordinates": [
          [
            -10,
            53.9375
          ],
          [
            -9.9375,
            53.95281
          ],
          [
            -9.8125,
            53.98581
          ],
          [
            -9.6875,
            54.02047
          ],
          [
            -9.5625,
            54.05621
          ],
          [
            -9.54061,
            54.0625
          ],
          [
            -9.4375,
            54.09342
          ],
          [
            -9.3125,
            54.13036
          ],
          [
            -9.1875,
            54.17043
          ],
          [
            -9.14407,
            54.1875
          ],
          [
            -9.0625,
            54.22123
          ],
          [
            -8.9375,
            54.27207
          ],
          [
            -8.83487,
            54.3125
          ],
          [
            -8.8125,
            54.32182
          ],
          [
            -8.6875,
            54.37096
          ],
          [
            -8.5625,
            54.41656
          ],
          [
            -8.49869,
            54.4375
          ],
          [
            -8.4375,
            54.45879
          ],
          [
            -8.3125,
            54.49545
          ],
          [
            -8.1875,
            54.52294
          ],
          [
            -8.0625,
            54.5398
          ],
          [
            -7.9375,
            54.54463
          ],
          [
            -7.8125,
            54.53623
          ],
          [
            -7.6875,
            54.5134
          ],
          [
            -7.5625,
            54.47479
          ],
          [
            -7.47843,
            54.4375
          ],
          [
            -7.4375,
            54.41987
          ],
          [
            -7.3125,
            54.34916
          ],
          [
            -7.26037,
            54.3125
          ],
          [
            -7.1875,
            54.26244
          ],
          [
            -7.09585,
            54.1875
          ],
          [
            -7.0625,
            54.1607
          ],
          [
            -6.95632,
            54.0625
          ],
          [
            -6.9375,
            54.04529
          ],
          [
            -6.83255,
            53.9375
          ],
          [
            -6.8125,
            53.91705
          ],
          [
            -6.71942,
            53.8125
          ],
          [
            -6.6875,
            53.77683
          ],
          [
            -6.61347,
            53.6875
          ],
          [
            -6.5625,
            53.6264
          ],
          [
            -6.51214,
            53.5625
          ],
          [
            -6.4375,
            53.46887
          ],
          [
            -6.41344,
            53.4375
          ],
          [
            -6.31592,
            53.3125
          ],
          [
            -6.3125,
            53.3082
          ],
          [
            -6.21848,
            53.1875
          ],
          [
            -6.1875,
            53.14819
          ],
          [
            -6.12036,
            53.0625
          ],
          [
            -6.0625,
            52.98909
          ],
          [
            -6.0217,
            52.9375
          ],
          [
            -5.9375,
            52.83085
          ],
          [
            -5.92291,
            52.8125
          ],
          [
            -5.82433,
            52.6875
          ],
          [
            -5.8125,
            52.6723
          ],
          [
            -5.72671,
            52.5625
          ],
          [
            -5.6875,
            52.51145
          ],
          [
            -5.63108,
            52.4375
          ],
          [
            -5.5625,
            52.34559
          ],
          [
            -5.53832,
            52.3125
          ],
          [
            -5.44986,
            52.1875
          ],
          [
            -5.4375,
            52.16922
          ],
          [
            -5.36772,
            52.0625
          ],
          [
            -5.3125,
            51.97246
          ],
          [
            -5.29195,
            51.9375
          ],
          [
            -5.2239,
            51.8125
          ],
          [
            -5.1875,
            51.73929
          ],
          [
            -5.163,
            51.6875
          ],
          [
            -5.10917,
            51.5625
          ],
          [
            -5.0625,
            51.44161
          ],
          [
            -5.061,
            51.4375
          ],
          [
            -5.01978,
            51.3125
          ],
          [
            -4.98375,
            51.1875
          ],
          [
            -4.95295,
            51.0625
          ],
          [
            -4.9375,
            50.98739
          ],
          [
            -4.92788,
            50.9375
          ],
          [
            -4.90865,
            50.8125
          ],
          [
            -4.89475,
            50.6875
          ],
          [
            -4.88617,
            50.5625
          ],
          [
            -4.88279,
            50.4375
          ],
          [
            -4.88435,
            50.3125
          ],
          [
            -4.89044,
            50.1875
          ],
          [
            -4.90078,
            50.0625
          ],
          [
            -4.91532,
            49.9375
          ],
          [
            -4.93412,
            49.8125
          ],
          [
            -4.9375,
            49.79435
          ],
          [
            -4.95802,
            49.6875
          ],
          [
            -4.98665,
            49.5625
          ],
          [
            -5.01992,
            49.4375
          ],
          [
            -5.05777,
            49.3125
          ],
          [
            -5.0625,
            49.29863
          ],
          [
            -5.10128,
            49.1875
          ],
          [
            -5.14899,
            49.0625
          ],
          [
            -5.1875,
            48.96898
          ],
          [
            -5.20073,
            48.9375
          ],
          [
            -5.25707,
            48.8125
          ],
          [
            -5.3125,
            48.69563
          ],
          [
            -5.31644,
            48.6875
          ],
          [
            -5.38114,
            48.5625
          ],
          [
            -5.4375,
            48.45815
          ],
          [
            -5.44893,
            48.4375
          ],
          [
            -5.52169,
            48.3125
          ],
          [
            -5.5625,
            48.2444
          ],
          [
            -5.59753,
            48.1875
          ],
          [
            -5.67578,
            48.0625
          ],
          [
            -5.6875,
            48.044
          ],
          [
            -5.75735,
            47.9375
          ],
          [
            -5.8125,
            47.85197
          ],
          [
            -5.83921,
            47.8125
          ],
          [
            -5.92151,
            47.6875
          ],
          [
            -5.9375,
            47.66219
          ],
          [
            -6.00472,
            47.5625
          ],
          [
            -6.0625,
            47.47155
          ],
          [
            -6.08586,
            47.4375
          ],
          [
            -6.16672,
            47.3125
          ],
          [
            -6.1875,
            47.27839
          ],
          [
            -6.24759,
            47.1875
          ],
          [
            -6.3125,
            47.08264
          ],
          [
            -6.32602,
            47.0625
          ],
          [
            -6.40529,
            46.9375
          ],
          [
            -6.4375,
            46.88367
          ],
          [
            -6.48346,
            46.8125
          ],
          [
            -6.55953,
            46.6875
          ],
          [
            -6.5625,
            46.68241
          ],
          [
            -6.63758,
            46.5625
          ],
          [
            -6.6875,
            46.47767
          ],
          [
            -6.71291,
            46.4375
          ],
          [
            -6.78748,
            46.3125
          ],
          [
            -6.8125,
            46.26848
          ],
          [
            -6.86246,
            46.1875
          ],
          [
            -6.9359,
            46.0625
          ],
          [
            -6.9375,
            46.05971
          ],
          [
            -7.01503,
            45.9375
          ],
          [
            -7.0625,
            45.85992
          ],
          [
            -7.09601,
            45.8125
          ],
          [
            -7.16901,
            45.6875
          ],
          [
            -7.1875,
            45.65293
          ],
          [
            -7.24805,
            45.5625
          ],
          [
            -7.3125,
            45.46488
          ],
          [
            -7.33878,
            45.4375
          ],
          [
            -7.4375,
            45.33405
          ],
          [
            -7.48185,
            45.3125
          ],
          [
            -7.5625,
            45.27366
          ],
          [
            -7.6875,
            45.2882
          ],
          [
            -7.72448,
            45.3125
          ],
          [
            -7.8125,
            45.36978
          ],
          [
            -7.87625,
            45.4375
          ],
          [
            -7.9375,
            45.50183
          ],
          [
            -7.9829,
            45.5625
          ],
          [
            -8.0625,
            45.66799
          ],
          [
            -8.07546,
            45.6875
          ],
          [
            -8.1656,
            45.8125
          ],
          [
            -8.1875,
            45.83771
          ],
          [
            -8.2689,
            45.9375
          ],
          [
            -8.3125,
            45.98966
          ],
          [
            -8.37193,
            46.0625
          ],
          [
            -8.4375,
            46.14118
          ],
          [
            -8.47689,
            46.1875
          ],
          [
            -8.5625,
            46.28633
          ],
          [
            -8.58618,
            46.3125
          ],
          [
            -8.6875,
            46.42231
          ],
          [
            -8.70221,
            46.4375
          ],
          [
            -8.8125,
            46.54901
          ],
          [
            -8.82653,
            46.5625
          ],
          [
            -8.9375,
            46.66768
          ],
          [
            -8.95951,
            46.6875
          ],
          [
            -9.0625,
            46.77987
          ],
          [
            -9.10083,
            46.8125
          ],
          [
            -9.1875,
            46.88558
          ],
          [
            -9.26574,
            46.9375
          ],
          [
            -9.3125,
            46.96802
          ],
          [
            -9.4375,
            47.04107
          ],
          [
            -9.47459,
            47.0625
          ],
          [
            -9.5625,
            47.11204
          ],
          [
            -9.6875,
            47.18108
          ],
          [
            -9.69961,
            47.1875
          ],
          [
            -9.8125,
            47.2453
          ],
          [
            -9.9375,
            47.305
          ],
          [
            -10,
            47.3125
          ]
        ]
      }
    },
    {
      "type": "Feature",
      "properties": {
        "value": 1
      },
      "geometry": {
        "type": "LineString",
        "coordinates": [
          [
            2.3869,
            45.0625
          ],
          [
            2.3125,
            45.18372
          ],
          [
            2.31082,
            45.1875
          ],
          [
            2.24843,
            45.3125
          ],
          [
            2.1875,
            45.42225
          ],
          [
            2.18083,
            45.4375
          ],
          [
            2.12182,
            45.5625
          ],
          [
            2.0625,
            45.67915
          ],
          [
            2.05897,
            45.6875
          ],
          [
            1.9981,
            45.8125
          ],
          [
            1.9375,
            45.90851
          ],
          [
            1.92178,
            45.9375
          ],
          [
            1.84733,
            46.0625
          ],
          [
            1.8125,
            46.1157
          ],
          [
            1.77138,
            46.1875
          ],
          [
            1.6933,
            46.3125
          ],
          [
            1.6875,
            46.32105
          ],
          [
            1.61768,
            46.4375
          ],
          [
            1.5625,
            46.52272
          ],
          [
            1.53948,
            46.5625
          ],
          [
            1.46255,
            46.6875
          ],
          [
            1.4375,
            46.72644
          ],
          [
            1.38769,
            46.8125
          ],
          [
            1.31294,
            46.9375
          ],
          [
            1.3125,
            46.93822
          ],
          [
            1.24268,
            47.0625
          ],
          [
            1.1875,
            47.15853
          ],
          [
            1.1721,
            47.1875
          ],
          [
            1.1041,
            47.3125
          ],
          [
            1.0625,
            47.38775
          ],
          [
            1.03655,
            47.4375
          ],
          [
            0.9705,
            47.5625
          ],
          [
            0.9375,
            47.6246
          ],
          [
            0.9053,
            47.6875
          ],
          [
            0.84111,
            47.8125
          ],
          [
            0.8125,
            47.86809
          ],
          [
            0.77753,
            47.9375
          ],
          [
            0.71454,
            48.0625
          ],
          [
            0.6875,
            48.11623
          ],
          [
            0.65207,
            48.1875
          ],
          [
            0.59009,
            48.3125
          ],
          [
            0.5625,
            48.36822
          ],
          [
            0.52848,
            48.4375
          ],
          [
            0.4676,
            48.5625
          ],
          [
            0.4375,
            48.62522
          ],
          [
            0.40783,
            48.6875
          ],
          [
            0.34995,
            48.8125
          ],
          [
            0.3125,
            48.89633
          ],
          [
            0.29425,
            48.9375
          ],
          [
            0.24156,
            49.0625
          ],
          [
            0.19195,
            49.1875
          ],
          [
            0.1875,
            49.19959
          ],
          [
            0.14631,
            49.3125
          ],
          [
            0.10523,
            49.4375
          ],
          [
            0.06947,
            49.5625
          ],
          [
            0.0625,
            49.59184
          ],
          [
            0.03983,
            49.6875
          ],
          [
            0.01689,
            49.8125
          ],
          [
            0.00086,
            49.9375
          ],
          [
            -0.00851,
            50.0625
          ],
          [
            -0.01197,
            50.1875
          ],
          [
            -0.0104,
            50.3125
          ],
          [
            -0.00458,
            50.4375
          ],
          [
            0.00489,
            50.5625
          ],
          [
            0.01755,
            50.6875
          ],
          [
            0.03302,
            50.8125
          ],
          [
            0.05089,
            50.9375
          ],
          [
            0.0625,
            51.01088
          ],
          [
            0.07062,
            51.0625
          ],
          [
            0.09171,
            51.1875
          ],
          [
            0.11394,
            51.3125
          ],
          [
            0.13708,
            51.4375
          ],
          [
            0.16113,
            51.5625
          ],
          [
            0.18624,
            51.6875
          ],
          [
            0.1875,
            51.69347
          ],
          [
            0.21306,
            51.8125
          ],
          [
            0.24176,
            51.9375
          ],
          [
            0.27269,
            52.0625
          ],
          [
            0.30615,
            52.1875
          ],
          [
            0.3125,
            52.20954
          ],
          [
            0.34319,
            52.3125
          ],
          [
            0.38369,
            52.4375
          ],
          [
            0.42829,
            52.5625
          ],
          [
            0.4375,
            52.58587
          ],
          [
            0.47955,
            52.6875
          ],
          [
            0.53771,
            52.8125
          ],
          [
            0.5625,
            52.85989
          ],
          [
            0.60561,
            52.9375
          ],
          [
            0.68367,
            53.0625
          ],
          [
            0.6875,
            53.06805
          ],
          [
            0.77535,
            53.1875
          ],
          [
            0.8125,
            53.23406
          ],
          [
            0.87941,
            53.3125
          ],
          [
            0.9375,
            53.37719
          ],
          [
            0.99529,
            53.4375
          ],
          [
            1.0625,
            53.5062
          ],
          [
            1.12098,
            53.5625
          ],
          [
            1.1875,
            53.62702
          ],
          [
            1.25348,
            53.6875
          ],
          [
            1.3125,
            53.74332
          ],
          [
            1.38998,
            53.8125
          ],
          [
            1.4375,
            53.8571
          ],
          [
            1.52881,
            53.9375
          ],
          [
            1.5625,
            53.96912
          ],
          [
            1.66975,
            54.0625
          ],
          [
            1.6875,
            54.07911
          ],
          [
            1.8125,
            54.18601
          ],
          [
            1.81445,
            54.1875
          ],
          [
            1.9375,
            54.28875
          ],
          [
            1.97075,
            54.3125
          ],
          [
            2.0625,
            54.38267
          ],
          [
            2.14989,
            54.4375
          ],
          [
            2.1875,
            54.46255
          ],
          [
            2.3125,
            54.52468
          ],
          [
            2.43364,
            54.5625
          ],
          [
            2.4375,
            54.56375
          ],
          [
            2.5625,
            54.57899
          ],
          [
            2.6875,
            54.56775
          ],
          [
            2.70464,
            54.5625
          ],
          [
            2.8125,
            54.53222
          ],
          [
            2.9375,
            54.47418
          ],
          [
            2.99471,
            54.4375
          ],
          [
            3.0625,
            54.39821
          ],
          [
            3.1809,
            54.3125
          ],
          [
            3.1875,
            54.3082
          ],
          [
            3.3125,
            54.21021
          ],
          [
            3.3378,
            54.1875
          ],
          [
            3.4375,
            54.10665
          ],
          [
            3.48657,
            54.0625
          ],
          [
            3.5625,
            54.0004
          ],
          [
            3.63377,
            53.9375
          ],
          [
            3.6875,
            53.89382
          ],
          [
            3.78224,
            53.8125
          ],
          [
            3.8125,
            53.78807
          ],
          [
            3.93188,
            53.6875
          ],
          [
            3.9375,
            53.68293
          ],
          [
            4.0625,
            53.57694
          ],
          [
            4.07896,
            53.5625
          ],
          [
            4.1875,
            53.4674
          ],
          [
            4.22049,
            53.4375
          ],
          [
            4.3125,
            53.35177
          ],
          [
            4.35324,
            53.3125
          ],
          [
            4.4375,
            53.22672
          ],
          [
            4.47485,
            53.1875
          ],
          [
            4.5625,
            53.08788
          ],
          [
            4.58428,
            53.0625
          ],
          [
            4.68121,
            52.9375
          ],
          [
            4.6875,
            52.92836
          ],
          [
            4.76578,
            52.8125
          ],
          [
            4.8125,
            52.73329
          ],
          [
            4.83919,
            52.6875
          ],
          [
            4.90209,
            52.5625
          ],
          [
            4.9375,
            52.48042
          ],
          [
            4.956,
            52.4375
          ],
          [
            5.00199,
            52.3125
          ],
          [
            5.04145,
            52.1875
          ],
          [
            5.0625,
            52.1098
          ],
          [
            5.07554,
            52.0625
          ],
          [
            5.10515,
            51.9375
          ],
          [
            5.13073,
            51.8125
          ],
          [
            5.15271,
            51.6875
          ],
          [
            5.17146,
            51.5625
          ],
          [
            5.18735,
            51.4375
          ],
          [
            5.1875,
            51.43611
          ],
          [
            5.20135,
            51.3125
          ],
          [
            5.21335,
            51.1875
          ],
          [
            5.22356,
            51.0625
          ],
          [
            5.23205,
            50.9375
          ],
          [
            5.23889,
            50.8125
          ],
          [
            5.24428,
            50.6875
          ],
          [
            5.24837,
            50.5625
          ],
          [
            5.25131,
            50.4375
          ],
          [
            5.25326,
            50.3125
          ],
          [
            5.25439,
            50.1875
          ],
          [
            5.25483,
            50.0625
          ],
          [
            5.25467,
            49.9375
          ],
          [
            5.25387,
            49.8125
          ],
          [
            5.2523,
            49.6875
          ],
          [
            5.24985,
            49.5625
          ],
          [
            5.24647,
            49.4375
          ],
          [
            5.24202,
            49.3125
          ],
          [
            5.23603,
            49.1875
          ],
          [
            5.22778,
            49.0625
          ],
          [
            5.21644,
            48.9375
          ],
          [
            5.20102,
            48.8125
          ],
          [
            5.1875,
            48.7307
          ],
          [
            5.18034,
            48.6875
          ],
          [
            5.1529,
            48.5625
          ],
          [
            5.11743,
            48.4375
          ],
          [
            5.07317,
            48.3125
          ],
          [
            5.0625,
            48.28761
          ],
          [
            5.019,
            48.1875
          ],
          [
            4.95601,
            48.0625
          ],
          [
            4.9375,
            48.02997
          ],
          [
            4.88406,
            47.9375
          ],
          [
            4.8125,
            47.82363
          ],
          [
            4.80536,
            47.8125
          ],
          [
            4.71949,
            47.6875
          ],
          [
            4.6875,
            47.64262
          ],
          [
            4.62884,
            47.5625
          ],
          [
            4.5625,
            47.47311
          ],
          [
            4.53508,
            47.4375
          ],
          [
            4.43929,
            47.3125
          ],
          [
            4.4375,
            47.31012
          ],
          [
            4.34081,
            47.1875
          ],
          [
            4.3125,
            47.14994
          ],
          [
            4.24298,
            47.0625
          ],
          [
            4.1875,
            46.98831
          ],
          [
            4.14708,
            46.9375
          ],
          [
            4.0625,
            46.82312
          ],
          [
            4.05406,
            46.8125
          ],
          [
            3.96182,
            46.6875
          ],
          [
            3.9375,
            46.6516
          ],
          [
            3.87173,
            46.5625
          ],
          [
            3.8125,
            46.47359
          ],
          [
            3.78599,
            46.4375
          ],
          [
            3.70382,
            46.3125
          ],
          [
            3.6875,
            46.28469
          ],
          [
            3.62353,
            46.1875
          ],
          [
            3.5625,
            46.08345
          ],
          [
            3.54845,
            46.0625
          ],
          [
            3.47335,
            45.9375
          ],
          [
            3.4375,
            45.8707
          ],
          [
            3.40082,
            45.8125
          ],
          [
            3.34041,
            45.6875
          ],
          [
            3.3125,
            45.62009
          ],
          [
            3.28348,
            45.5625
          ],
          [
            3.22443,
            45.4375
          ],
          [
            3.1875,
            45.35371
          ],
          [
            3.16415,
            45.3125
          ],
          [
            3.09874,
            45.1875
          ],
          [
            3.0625,
            45.11078
          ],
          [
            3.03033,
            45.0625
          ]
        ]
      }
    },
    {
      "type": "Feature",
      "properties": {
        "value": 1.5
      },
      "geometry": {
        "type": "LineString",
        "coordinates": [
          [
            -9.9375,
            53.13836
          ],
          [
            -9.8125,
            53.16552
          ],
          [
            -9.71557,
            53.1875
          ],
          [
            -9.6875,
            53.19375
          ],
          [
            -9.5625,
            53.2219
          ],
          [
            -9.4375,
            53.25006
          ],
          [
            -9.3125,
            53.27773
          ],
          [
            -9.1875,
            53.30787
          ],
          [
            -9.17189,
            53.3125
          ],
          [
            -9.0625,
            53.34483
          ],
          [
            -8.9375,
            53.38149
          ],
          [
            -8.8125,
            53.41728
          ],
          [
            -8.738,
            53.4375
          ],
          [
            -8.6875,
            53.45119
          ],
          [
            -8.5625,
            53.48228
          ],
          [
            -8.4375,
            53.5098
          ],
          [
            -8.3125,
            53.53198
          ],
          [
            -8.1875,
            53.54654
          ],
          [
            -8.0625,
            53.55203
          ],
          [
            -7.9375,
            53.54719
          ],
          [
            -7.8125,
            53.531
          ],
          [
            -7.6875,
            53.50262
          ],
          [
            -7.5625,
            53.46124
          ],
          [
            -7.50863,
            53.4375
          ],
          [
            -7.4375,
            53.40639
          ],
          [
            -7.3125,
            53.33782
          ],
          [
            -7.27432,
            53.3125
          ],
          [
            -7.1875,
            53.25569
          ],
          [
            -7.09851,
            53.1875
          ],
          [
            -7.0625,
            53.16023
          ],
          [
            -6.94962,
            53.0625
          ],
          [
            -6.9375,
            53.05207
          ],
          [
            -6.81868,
            52.9375
          ],
          [
            -6.8125,
            52.93153
          ],
          [
            -6.70038,
            52.8125
          ],
          [
            -6.6875,
            52.79871
          ],
          [
            -6.59107,
            52.6875
          ],
          [
            -6.5625,
            52.65415
          ],
          [
            -6.48808,
            52.5625
          ],
          [
            -6.4375,
            52.49942
          ],
          [
            -6.38948,
            52.4375
          ],
          [
            -6.3125,
            52.33684
          ],
          [
            -6.29418,
            52.3125
          ],
          [
            -6.20188,
            52.1875
          ],
          [
            -6.1875,
            52.16748
          ],
          [
            -6.11246,
            52.0625
          ],
          [
            -6.0625,
            51.98946
          ],
          [
            -6.0269,
            51.9375
          ],
          [
            -5.94587,
            51.8125
          ],
          [
            -5.9375,
            51.79886
          ],
          [
            -5.86916,
            51.6875
          ],
          [
            -5.8125,
            51.58851
          ],
          [
            -5.79767,
            51.5625
          ],
          [
            -5.73081,
            51.4375
          ],
          [
            -5.6875,
            51.35003
          ],
          [
            -5.66921,
            51.3125
          ],
          [
            -5.6131,
            51.1875
          ],
          [
            -5.56304,
            51.0625
          ],
          [
            -5.5625,
            51.06098
          ],
          [
            -5.52022,
            50.9375
          ],
          [
            -5.48468,
            50.8125
          ],
          [
            -5.45675,
            50.6875
          ],
          [
            -5.4375,
            50.56844
          ],
          [
            -5.43658,
            50.5625
          ],
          [
            -5.42455,
            50.4375
          ],
          [
            -5.4198,
            50.3125
          ],
          [
            -5.42187,
            50.1875
          ],
          [
            -5.43023,
            50.0625
          ],
          [
            -5.4375,
            49.99875
          ],
          [
            -5.44477,
            49.9375
          ],
          [
            -5.4654,
            49.8125
          ],
          [
            -5.49141,
            49.6875
          ],
          [
            -5.52236,
            49.5625
          ],
          [
            -5.55779,
            49.4375
          ],
          [
            -5.5625,
            49.42269
          ],
          [
            -5.59911,
            49.3125
          ],
          [
            -5.64456,
            49.1875
          ],
          [
            -5.6875,
            49.0778
          ],
          [
            -5.69376,
            49.0625
          ],
          [
            -5.74867,
            48.9375
          ],
          [
            -5.80637,
            48.8125
          ],
          [
            -5.8125,
            48.79999
          ],
          [
            -5.87034,
            48.6875
          ],
          [
            -5.93747,
            48.5625
          ],
          [
            -5.9375,
            48.56244
          ],
          [
            -6.01307,
            48.4375
          ],
          [
            -6.0625,
            48.35919
          ],
          [
            -6.09425,
            48.3125
          ],
          [
            -6.18277,
            48.1875
          ],
          [
            -6.1875,
            48.18105
          ],
          [
            -6.28252,
            48.0625
          ],
          [
            -6.3125,
            48.02554
          ],
          [
            -6.39144,
            47.9375
          ],
          [
            -6.4375,
            47.88569
          ],
          [
            -6.5099,
            47.8125
          ],
          [
            -6.5625,
            47.75757
          ],
          [
            -6.63735,
            47.6875
          ],
          [
            -6.6875,
            47.63789
          ],
          [
            -6.77244,
            47.5625
          ],
          [
            -6.8125,
            47.52425
          ],
          [
            -6.91395,
            47.4375
          ],
          [
            -6.9375,
            47.41562
          ],
          [
            -7.0625,
            47.31321
          ],
          [
            -7.06353,
            47.3125
          ],
          [
            -7.1875,
            47.21981
          ],
          [
            -7.24172,
            47.1875
          ],
          [
            -7.3125,
            47.14209
          ],
          [
            -7.4375,
            47.08611
          ],
          [
            -7.54182,
            47.0625
          ],
          [
            -7.5625,
            47.0576
          ],
          [
            -7.6875,
            47.05961
          ],
          [
            -7.69853,
            47.0625
          ],
          [
            -7.8125,
            47.09121
          ],
          [
            -7.9375,
            47.14822
          ],
          [
            -8.00065,
            47.1875
          ],
          [
            -8.0625,
            47.22394
          ],
          [
            -8.1875,
            47.31243
          ],
          [
            -8.18759,
            47.3125
          ],
          [
            -8.3125,
            47.40737
          ],
          [
            -8.34913,
            47.4375
          ],
          [
            -8.4375,
            47.50584
          ],
          [
            -8.50831,
            47.5625
          ],
          [
            -8.5625,
            47.6031
          ],
          [
            -8.67485,
            47.6875
          ],
          [
            -8.6875,
            47.69636
          ],
          [
            -8.8125,
            47.78316
          ],
          [
            -8.85586,
            47.8125
          ],
          [
            -8.9375,
            47.86386
          ],
          [
            -9.05956,
            47.9375
          ],
          [
            -9.0625,
            47.93915
          ],
          [
            -9.1875,
            48.00606
          ],
          [
            -9.3125,
            48.05858
          ],
          [
            -9.32301,
            48.0625
          ],
          [
            -9.4375,
            48.10224
          ],
          [
            -9.5625,
            48.14352
          ],
          [
            -9.6875,
            48.18226
          ],
          [
            -9.70555,
            48.1875
          ],
          [
            -9.8125,
            48.21668
          ],
          [
            -9.9375,
            48.24758
          ]
        ]
      }
    },
    {
      "type": "Feature",
      "properties": {
        "value": 1.5
      },
      "geometry": {
        "type": "LineString",
        "coordinates": [
          [
            2.99047,
            53.6875
          ],
          [
            3.0625,
            53.67157
          ],
          [
            3.1875,
            53.63068
          ],
          [
            3.3125,
            53.57782
          ],
          [
            3.34169,
            53.5625
          ],
          [
            3.4375,
            53.51373
          ],
          [
            3.5625,
            53.44009
          ],
          [
            3.56635,
            53.4375
          ],
          [
            3.6875,
            53.35585
          ],
          [
            3.74635,
            53.3125
          ],
          [
            3.8125,
            53.26213
          ],
          [
            3.90309,
            53.1875
          ],
          [
            3.9375,
            53.15731
          ],
          [
            4.03797,
            53.0625
          ],
          [
            4.0625,
            53.03717
          ],
          [
            4.15277,
            52.9375
          ],
          [
            4.1875,
            52.89455
          ],
          [
            4.25002,
            52.8125
          ],
          [
            4.3125,
            52.71886
          ],
          [
            4.33237,
            52.6875
          ],
          [
            4.40025,
            52.5625
          ],
          [
            4.4375,
            52.48187
          ],
          [
            4.45711,
            52.4375
          ],
          [
            4.50351,
            52.3125
          ],
          [
            4.54264,
            52.1875
          ],
          [
            4.5625,
            52.11227
          ],
          [
            4.57519,
            52.0625
          ],
          [
            4.60215,
            51.9375
          ],
          [
            4.62515,
            51.8125
          ],
          [
            4.64479,
            51.6875
          ],
          [
            4.66153,
            51.5625
          ],
          [
            4.67578,
            51.4375
          ],
          [
            4.6875,
            51.31793
          ],
          [
            4.68802,
            51.3125
          ],
          [
            4.69849,
            51.1875
          ],
          [
            4.70777,
            51.0625
          ],
          [
            4.71598,
            50.9375
          ],
          [
            4.7231,
            50.8125
          ],
          [
            4.72904,
            50.6875
          ],
          [
            4.73368,
            50.5625
          ],
          [
            4.73691,
            50.4375
          ],
          [
            4.73869,
            50.3125
          ],
          [
            4.73902,
            50.1875
          ],
          [
            4.73797,
            50.0625
          ],
          [
            4.73559,
            49.9375
          ],
          [
            4.7318,
            49.8125
          ],
          [
            4.72638,
            49.6875
          ],
          [
            4.71907,
            49.5625
          ],
          [
            4.70965,
            49.4375
          ],
          [
            4.69791,
            49.3125
          ],
          [
            4.6875,
            49.22123
          ],
          [
            4.68348,
            49.1875
          ],
          [
            4.6658,
            49.0625
          ],
          [
            4.64459,
            48.9375
          ],
          [
            4.61911,
            48.8125
          ],
          [
            4.58838,
            48.6875
          ],
          [
            4.5625,
            48.59979
          ],
          [
            4.55078,
            48.5625
          ],
          [
            4.50419,
            48.4375
          ],
          [
            4.44906,
            48.3125
          ],
          [
            4.4375,
            48.28959
          ],
          [
            4.38253,
            48.1875
          ],
          [
            4.3125,
            48.07119
          ],
          [
            4.30691,
            48.0625
          ],
          [
            4.21967,
            47.9375
          ],
          [
            4.1875,
            47.89426
          ],
          [
            4.12273,
            47.8125
          ],
          [
            4.0625,
            47.73982
          ],
          [
            4.01617,
            47.6875
          ],
          [
            3.9375,
            47.60131
          ],
          [
            3.89938,
            47.5625
          ],
          [
            3.8125,
            47.47555
          ],
          [
            3.77116,
            47.4375
          ],
          [
            3.6875,
            47.36075
          ],
          [
            3.62951,
            47.3125
          ],
          [
            3.5625,
            47.256
          ],
          [
            3.47126,
            47.1875
          ],
          [
            3.4375,
            47.16139
          ],
          [
            3.3125,
            47.07738
          ],
          [
            3.28622,
            47.0625
          ],
          [
            3.1875,
            47.00416
          ],
          [
            3.0625,
            46.94424
          ],
          [
            3.04398,
            46.9375
          ],
          [
            2.9375,
            46.89676
          ],
          [
            2.8125,
            46.86443
          ],
          [
            2.6875,
            46.84846
          ],
          [
            2.5625,
            46.85
          ],
          [
            2.4375,
            46.87031
          ],
          [
            2.3125,
            46.9104
          ],
          [
            2.25659,
            46.9375
          ],
          [
            2.1875,
            46.96927
          ],
          [
            2.0625,
            47.04625
          ],
          [
            2.04152,
            47.0625
          ],
          [
            1.9375,
            47.13955
          ],
          [
            1.88408,
            47.1875
          ],
          [
            1.8125,
            47.24956
          ],
          [
            1.75127,
            47.3125
          ],
          [
            1.6875,
            47.37656
          ],
          [
            1.63541,
            47.4375
          ],
          [
            1.5625,
            47.52204
          ],
          [
            1.532,
            47.5625
          ],
          [
            1.43816,
            47.6875
          ],
          [
            1.4375,
            47.68839
          ],
          [
            1.35535,
            47.8125
          ],
          [
            1.3125,
            47.87826
          ],
          [
            1.27719,
            47.9375
          ],
          [
            1.2038,
            48.0625
          ],
          [
            1.1875,
            48.09079
          ],
          [
            1.13508,
            48.1875
          ],
          [
            1.06795,
            48.3125
          ],
          [
            1.0625,
            48.32279
          ],
          [
            1.00417,
            48.4375
          ],
          [
            0.9406,
            48.5625
          ],
          [
            0.9375,
            48.56872
          ],
          [
            0.87997,
            48.6875
          ],
          [
            0.82008,
            48.8125
          ],
          [
            0.8125,
            48.82888
          ],
          [
            0.7636,
            48.9375
          ],
          [
            0.70903,
            49.0625
          ],
          [
            0.6875,
            49.11414
          ],
          [
            0.6579,
            49.1875
          ],
          [
            0.61051,
            49.3125
          ],
          [
            0.56671,
            49.4375
          ],
          [
            0.5625,
            49.45111
          ],
          [
            0.52952,
            49.5625
          ],
          [
            0.49829,
            49.6875
          ],
          [
            0.47358,
            49.8125
          ],
          [
            0.45589,
            49.9375
          ],
          [
            0.4452,
            50.0625
          ],
          [
            0.44091,
            50.1875
          ],
          [
            0.44211,
            50.3125
          ],
          [
            0.44791,
            50.4375
          ],
          [
            0.45763,
            50.5625
          ],
          [
            0.47078,
            50.6875
          ],
          [
            0.48699,
            50.8125
          ],
          [
            0.50584,
            50.9375
          ],
          [
            0.52681,
            51.0625
          ],
          [
            0.5494,
            51.1875
          ],
          [
            0.5625,
            51.25605
          ],
          [
            0.57399,
            51.3125
          ],
          [
            0.60068,
            51.4375
          ],
          [
            0.62866,
            51.5625
          ],
          [
            0.65821,
            51.6875
          ],
          [
            0.6875,
            51.80347
          ],
          [
            0.68997,
            51.8125
          ],
          [
            0.7268,
            51.9375
          ],
          [
            0.76672,
            52.0625
          ],
          [
            0.81005,
            52.1875
          ],
          [
            0.8125,
            52.19401
          ],
          [
            0.86103,
            52.3125
          ],
          [
            0.91664,
            52.4375
          ],
          [
            0.9375,
            52.48033
          ],
          [
            0.98126,
            52.5625
          ],
          [
            1.05478,
            52.6875
          ],
          [
            1.0625,
            52.69933
          ],
          [
            1.14312,
            52.8125
          ],
          [
            1.1875,
            52.86883
          ],
          [
            1.24644,
            52.9375
          ],
          [
            1.3125,
            53.0079
          ],
          [
            1.36816,
            53.0625
          ],
          [
            1.4375,
            53.12588
          ],
          [
            1.51071,
            53.1875
          ],
          [
            1.5625,
            53.22905
          ],
          [
            1.67576,
            53.3125
          ],
          [
            1.6875,
            53.32095
          ],
          [
            1.8125,
            53.40296
          ],
          [
            1.87084,
            53.4375
          ],
          [
            1.9375,
            53.47696
          ],
          [
            2.0625,
            53.54248
          ],
          [
            2.107,
            53.5625
          ],
          [
            2.1875,
            53.59926
          ],
          [
            2.3125,
            53.64589
          ],
          [
            2.4375,
            53.68129
          ],
          [
            2.46998,
            53.6875
          ],
          [
            2.5625,
            53.70545
          ],
          [
            2.6875,
            53.71699
          ],
          [
            2.8125,
            53.71521
          ],
          [
            2.9375,
            53.69991
          ],
          [
            2.99047,
            53.6875
          ]
        ]
      }
    },
    {
      "type": "Feature",
      "properties": {
        "value": 2
      },
      "geometry": {
        "type": "LineString",
        "coordinates": [
          [
            -9.9375,
            52.11161
          ],
          [
            -9.8125,
            52.14477
          ],
          [
            -9.6875,
            52.17869
          ],
          [
            -9.65455,
            52.1875
          ],
          [
            -9.5625,
            52.21089
          ],
          [
            -9.4375,
            52.24165
          ],
          [
            -9.3125,
            52.27113
          ],
          [
            -9.1875,
            52.30277
          ],
          [
            -9.15636,
            52.3125
          ],
          [
            -9.0625,
            52.34065
          ],
          [
            -8.9375,
            52.37743
          ],
          [
            -8.8125,
            52.41318
          ],
          [
            -8.72372,
            52.4375
          ],
          [
            -8.6875,
            52.44709
          ],
          [
            -8.5625,
            52.47821
          ],
          [
            -8.4375,
            52.50632
          ],
          [
            -8.3125,
            52.52975
          ],
          [
            -8.1875,
            52.54661
          ],
          [
            -8.0625,
            52.55595
          ],
          [
            -7.9375,
            52.55682
          ],
          [
            -7.8125,
            52.54827
          ],
          [
            -7.6875,
            52.52929
          ],
          [
            -7.5625,
            52.49883
          ],
          [
            -7.4375,
            52.45578
          ],
          [
            -7.39785,
            52.4375
          ],
          [
            -7.3125,
            52.39873
          ],
          [
            -7.1875,
            52.32637
          ],
          [
            -7.16812,
            52.3125
          ],
          [
            -7.0625,
            52.23719
          ],
          [
            -7.00417,
            52.1875
          ],
          [
            -6.9375,
            52.13018
          ],
          [
            -6.86968,
            52.0625
          ],
          [
            -6.8125,
            52.00404
          ],
          [
            -6.75474,
            51.9375
          ],
          [
            -6.6875,
            51.85699
          ],
          [
            -6.65354,
            51.8125
          ],
          [
            -6.56277,
            51.6875
          ],
          [
            -6.5625,
            51.68711
          ],
          [
            -6.48219,
            51.5625
          ],
          [
            -6.4375,
            51.48865
          ],
          [
            -6.40773,
            51.4375
          ],
          [
            -6.33986,
            51.3125
          ],
          [
            -6.3125,
            51.25782
          ],
          [
            -6.27807,
            51.1875
          ],
          [
            -6.22281,
            51.0625
          ],
          [
            -6.1875,
            50.97168
          ],
          [
            -6.1744,
            50.9375
          ],
          [
            -6.13432,
            50.8125
          ],
          [
            -6.1024,
            50.6875
          ],
          [
            -6.079,
            50.5625
          ],
          [
            -6.06441,
            50.4375
          ],
          [
            -6.0625,
            50.39469
          ],
          [
            -6.05893,
            50.3125
          ],
          [
            -6.06207,
            50.1875
          ],
          [
            -6.0625,
            50.1827
          ],
          [
            -6.07386,
            50.0625
          ],
          [
            -6.09366,
            49.9375
          ],
          [
            -6.12083,
            49.8125
          ],
          [
            -6.15465,
            49.6875
          ],
          [
            -6.1875,
            49.5841
          ],
          [
            -6.19476,
            49.5625
          ],
          [
            -6.2422,
            49.4375
          ],
          [
            -6.29489,
            49.3125
          ],
          [
            -6.3125,
            49.27421
          ],
          [
            -6.35513,
            49.1875
          ],
          [
            -6.42225,
            49.0625
          ],
          [
            -6.4375,
            49.03628
          ],
          [
            -6.50024,
            48.9375
          ],
          [
            -6.5625,
            48.84793
          ],
          [
            -6.59004,
            48.8125
          ],
          [
            -6.6875,
            48.69813
          ],
          [
            -6.69795,
            48.6875
          ],
          [
            -6.8125,
            48.58061
          ],
          [
            -6.83569,
            48.5625
          ],
          [
            -6.9375,
            48.48848
          ],
          [
            -7.02479,
            48.4375
          ],
          [
            -7.0625,
            48.41646
          ],
          [
            -7.1875,
            48.36194
          ],
          [
            -7.3125,
            48.32278
          ],
          [
            -7.36345,
            48.3125
          ],
          [
            -7.4375,
            48.29747
          ],
          [
            -7.5625,
            48.28539
          ],
          [
            -7.6875,
            48.28623
          ],
          [
            -7.8125,
            48.29939
          ],
          [
            -7.87866,
            48.3125
          ],
          [
            -7.9375,
            48.32356
          ],
          [
            -8.0625,
            48.35698
          ],
          [
            -8.1875,
            48.39871
          ],
          [
            -8.28747,
            48.4375
          ],
          [
            -8.3125,
            48.44697
          ],
          [
            -8.4375,
            48.49964
          ],
          [
            -8.5625,
            48.55506
          ],
          [
            -8.57897,
            48.5625
          ],
          [
            -8.6875,
            48.61198
          ],
          [
            -8.8125,
            48.66861
          ],
          [
            -8.85521,
            48.6875
          ],
          [
            -8.9375,
            48.72545
          ],
          [
            -9.0625,
            48.78053
          ],
          [
            -9.13993,
            48.8125
          ],
          [
            -9.1875,
            48.83364
          ],
          [
            -9.3125,
            48.87722
          ],
          [
            -9.4375,
            48.91503
          ],
          [
            -9.51625,
            48.9375
          ],
          [
            -9.5625,
            48.95214
          ],
          [
            -9.6875,
            48.98922
          ],
          [
            -9.8125,
            49.0235
          ],
          [
            -9.9375,
            49.05465
          ],
          [
            -10,
            49.0625
          ]
        ]
      }
    },
    {
      "type": "Feature",
      "properties": {
        "value": 2
      },
      "geometry": {
        "type": "LineString",
        "coordinates": [
          [
            3.23682,
            52.9375
          ],
          [
            3.3125,
            52.90577
          ],
          [
            3.4375,
            52.83562
          ],
          [
            3.47052,
            52.8125
          ],
          [
            3.5625,
            52.73935
          ],
          [
            3.61735,
            52.6875
          ],
          [
            3.6875,
            52.61097
          ],
          [
            3.72596,
            52.5625
          ],
          [
            3.81081,
            52.4375
          ],
          [
            3.8125,
            52.43456
          ],
          [
            3.87413,
            52.3125
          ],
          [
            3.92756,
            52.1875
          ],
          [
            3.9375,
            52.16
          ],
          [
            3.96905,
            52.0625
          ],
          [
            4.00361,
            51.9375
          ],
          [
            4.03353,
            51.8125
          ],
          [
            4.05976,
            51.6875
          ],
          [
            4.0625,
            51.67279
          ],
          [
            4.08114,
            51.5625
          ],
          [
            4.1,
            51.4375
          ],
          [
            4.11707,
            51.3125
          ],
          [
            4.13273,
            51.1875
          ],
          [
            4.14728,
            51.0625
          ],
          [
            4.16078,
            50.9375
          ],
          [
            4.17298,
            50.8125
          ],
          [
            4.1834,
            50.6875
          ],
          [
            4.1875,
            50.62436
          ],
          [
            4.19119,
            50.5625
          ],
          [
            4.19616,
            50.4375
          ],
          [
            4.19836,
            50.3125
          ],
          [
            4.19764,
            50.1875
          ],
          [
            4.19396,
            50.0625
          ],
          [
            4.1875,
            49.94079
          ],
          [
            4.18731,
            49.9375
          ],
          [
            4.17684,
            49.8125
          ],
          [
            4.16282,
            49.6875
          ],
          [
            4.14479,
            49.5625
          ],
          [
            4.1223,
            49.4375
          ],
          [
            4.09506,
            49.3125
          ],
          [
            4.06298,
            49.1875
          ],
          [
            4.0625,
            49.18585
          ],
          [
            4.02322,
            49.0625
          ],
          [
            3.97809,
            48.9375
          ],
          [
            3.9375,
            48.83791
          ],
          [
            3.92612,
            48.8125
          ],
          [
            3.86364,
            48.6875
          ],
          [
            3.8125,
            48.59683
          ],
          [
            3.79112,
            48.5625
          ],
          [
            3.70431,
            48.4375
          ],
          [
            3.6875,
            48.4156
          ],
          [
            3.59933,
            48.3125
          ],
          [
            3.5625,
            48.27297
          ],
          [
            3.47235,
            48.1875
          ],
          [
            3.4375,
            48.15664
          ],
          [
            3.3145,
            48.0625
          ],
          [
            3.3125,
            48.06105
          ],
          [
            3.1875,
            47.9843
          ],
          [
            3.0937,
            47.9375
          ],
          [
            3.0625,
            47.92253
          ],
          [
            2.9375,
            47.87564
          ],
          [
            2.8125,
            47.8422
          ],
          [
            2.6875,
            47.8227
          ],
          [
            2.5625,
            47.81812
          ],
          [
            2.4375,
            47.82968
          ],
          [
            2.3125,
            47.85854
          ],
          [
            2.1875,
            47.90568
          ],
          [
            2.12748,
            47.9375
          ],
          [
            2.0625,
            47.97306
          ],
          [
            1.9375,
            48.06215
          ],
          [
            1.93711,
            48.0625
          ],
          [
            1.8125,
            48.17825
          ],
          [
            1.80418,
            48.1875
          ],
          [
            1.69791,
            48.3125
          ],
          [
            1.6875,
            48.32557
          ],
          [
            1.60985,
            48.4375
          ],
          [
            1.5625,
            48.50965
          ],
          [
            1.53131,
            48.5625
          ],
          [
            1.4612,
            48.6875
          ],
          [
            1.4375,
            48.73221
          ],
          [
            1.39799,
            48.8125
          ],
          [
            1.33915,
            48.9375
          ],
          [
            1.3125,
            48.99703
          ],
          [
            1.28475,
            49.0625
          ],
          [
            1.23426,
            49.1875
          ],
          [
            1.1875,
            49.30765
          ],
          [
            1.1857,
            49.3125
          ],
          [
            1.14351,
            49.4375
          ],
          [
            1.10486,
            49.5625
          ],
          [
            1.07082,
            49.6875
          ],
          [
            1.0625,
            49.72489
          ],
          [
            1.0444,
            49.8125
          ],
          [
            1.02501,
            49.9375
          ],
          [
            1.0124,
            50.0625
          ],
          [
            1.0066,
            50.1875
          ],
          [
            1.00718,
            50.3125
          ],
          [
            1.01357,
            50.4375
          ],
          [
            1.02525,
            50.5625
          ],
          [
            1.04179,
            50.6875
          ],
          [
            1.0625,
            50.81109
          ],
          [
            1.06276,
            50.8125
          ],
          [
            1.09051,
            50.9375
          ],
          [
            1.12145,
            51.0625
          ],
          [
            1.15473,
            51.1875
          ],
          [
            1.1875,
            51.30419
          ],
          [
            1.19009,
            51.3125
          ],
          [
            1.23101,
            51.4375
          ],
          [
            1.27371,
            51.5625
          ],
          [
            1.3125,
            51.67048
          ],
          [
            1.31921,
            51.6875
          ],
          [
            1.37171,
            51.8125
          ],
          [
            1.42763,
            51.9375
          ],
          [
            1.4375,
            51.95789
          ],
          [
            1.49256,
            52.0625
          ],
          [
            1.5625,
            52.18615
          ],
          [
            1.56333,
            52.1875
          ],
          [
            1.64702,
            52.3125
          ],
          [
            1.6875,
            52.36782
          ],
          [
            1.74308,
            52.4375
          ],
          [
            1.8125,
            52.51601
          ],
          [
            1.85764,
            52.5625
          ],
          [
            1.9375,
            52.63586
          ],
          [
            1.99995,
            52.6875
          ],
          [
            2.0625,
            52.73353
          ],
          [
            2.18394,
            52.8125
          ],
          [
            2.1875,
            52.81458
          ],
          [
            2.3125,
            52.87729
          ],
          [
            2.4375,
            52.92918
          ],
          [
            2.46322,
            52.9375
          ],
          [
            2.5625,
            52.96658
          ],
          [
            2.6875,
            52.99165
          ],
          [
            2.8125,
            53.0041
          ],
          [
            2.9375,
            53.00291
          ],
          [
            3.0625,
            52.98715
          ],
          [
            3.1875,
            52.95608
          ],
          [
            3.23682,
            52.9375
          ]
        ]
      }
    },
    {
      "type": "Feature",
      "properties": {
        "value": 2.5
      },
      "geometry": {
        "type": "LineString",
        "coordinates": [
          [
            2.95401,
            50.9375
          ],
          [
            3.05911,
            50.8125
          ],
          [
            3.0625,
            50.80802
          ],
          [
            3.11903,
            50.6875
          ],
          [
            3.16851,
            50.5625
          ],
          [
            3.1875,
            50.50066
          ],
          [
            3.20124,
            50.4375
          ],
          [
            3.21944,
            50.3125
          ],
          [
            3.22769,
            50.1875
          ],
          [
            3.22584,
            50.0625
          ],
          [
            3.21425,
            49.9375
          ],
          [
            3.19343,
            49.8125
          ],
          [
            3.1875,
            49.78838
          ],
          [
            3.15641,
            49.6875
          ],
          [
            3.10627,
            49.5625
          ],
          [
            3.0625,
            49.47506
          ],
          [
            3.03828,
            49.4375
          ],
          [
            2.94125,
            49.3125
          ],
          [
            2.9375,
            49.30842
          ],
          [
            2.8125,
            49.21158
          ],
          [
            2.75751,
            49.1875
          ],
          [
            2.6875,
            49.16142
          ],
          [
            2.5625,
            49.15766
          ],
          [
            2.47904,
            49.1875
          ],
          [
            2.4375,
            49.20696
          ],
          [
            2.33079,
            49.3125
          ],
          [
            2.3125,
            49.33711
          ],
          [
            2.26154,
            49.4375
          ],
          [
            2.2162,
            49.5625
          ],
          [
            2.1875,
            49.68459
          ],
          [
            2.18695,
            49.6875
          ],
          [
            2.1747,
            49.8125
          ],
          [
            2.17231,
            49.9375
          ],
          [
            2.17945,
            50.0625
          ],
          [
            2.1875,
            50.12399
          ],
          [
            2.19786,
            50.1875
          ],
          [
            2.22877,
            50.3125
          ],
          [
            2.26936,
            50.4375
          ],
          [
            2.3125,
            50.54735
          ],
          [
            2.32005,
            50.5625
          ],
          [
            2.39086,
            50.6875
          ],
          [
            2.4375,
            50.7635
          ],
          [
            2.47851,
            50.8125
          ],
          [
            2.5625,
            50.90909
          ],
          [
            2.60389,
            50.9375
          ],
          [
            2.6875,
            50.99405
          ],
          [
            2.8125,
            51.0129
          ],
          [
            2.9375,
            50.95584
          ],
          [
            2.95401,
            50.9375
          ]
        ]
      }
    },
    {
      "type": "Feature",
      "properties": {
        "value": 2.5
      },
      "geometry": {
        "type": "LineString",
        "coordinates": [
          [
            -7.33054,
            51.3125
          ],
          [
            -7.3125,
            51.30308
          ],
          [
            -7.1875,
            51.20431
          ],
          [
            -7.17178,
            51.1875
          ],
          [
            -7.07146,
            51.0625
          ],
          [
            -7.0625,
            51.04893
          ],
          [
            -7.00384,
            50.9375
          ],
          [
            -6.95212,
            50.8125
          ],
          [
            -6.9375,
            50.76261
          ],
          [
            -6.91882,
            50.6875
          ],
          [
            -6.90024,
            50.5625
          ],
          [
            -6.8939,
            50.4375
          ],
          [
            -6.89964,
            50.3125
          ],
          [
            -6.91711,
            50.1875
          ],
          [
            -6.9375,
            50.09831
          ],
          [
            -6.94703,
            50.0625
          ],
          [
            -6.99206,
            49.9375
          ],
          [
            -7.04793,
            49.8125
          ],
          [
            -7.0625,
            49.78509
          ],
          [
            -7.12374,
            49.6875
          ],
          [
            -7.1875,
            49.59911
          ],
          [
            -7.21998,
            49.5625
          ],
          [
            -7.3125,
            49.471
          ],
          [
            -7.35704,
            49.4375
          ],
          [
            -7.4375,
            49.38456
          ],
          [
            -7.5625,
            49.32955
          ],
          [
            -7.64049,
            49.3125
          ],
          [
            -7.6875,
            49.30361
          ],
          [
            -7.8125,
            49.30394
          ],
          [
            -7.85888,
            49.3125
          ],
          [
            -7.9375,
            49.32974
          ],
          [
            -8.0625,
            49.38224
          ],
          [
            -8.15555,
            49.4375
          ],
          [
            -8.1875,
            49.46057
          ],
          [
            -8.30282,
            49.5625
          ],
          [
            -8.3125,
            49.57296
          ],
          [
            -8.40753,
            49.6875
          ],
          [
            -8.4375,
            49.73155
          ],
          [
            -8.4909,
            49.8125
          ],
          [
            -8.55848,
            49.9375
          ],
          [
            -8.5625,
            49.94697
          ],
          [
            -8.61267,
            50.0625
          ],
          [
            -8.6537,
            50.1875
          ],
          [
            -8.68076,
            50.3125
          ],
          [
            -8.6875,
            50.38524
          ],
          [
            -8.6926,
            50.4375
          ],
          [
            -8.6875,
            50.55626
          ],
          [
            -8.68723,
            50.5625
          ],
          [
            -8.66283,
            50.6875
          ],
          [
            -8.61621,
            50.8125
          ],
          [
            -8.5625,
            50.90535
          ],
          [
            -8.54333,
            50.9375
          ],
          [
            -8.4396,
            51.0625
          ],
          [
            -8.4375,
            51.06445
          ],
          [
            -8.3125,
            51.17352
          ],
          [
            -8.29442,
            51.1875
          ],
          [
            -8.1875,
            51.25475
          ],
          [
            -8.07714,
            51.3125
          ],
          [
            -8.0625,
            51.31896
          ],
          [
            -7.9375,
            51.36247
          ],
          [
            -7.8125,
            51.39094
          ],
          [
            -7.6875,
            51.40219
          ],
          [
            -7.5625,
            51.39348
          ],
          [
            -7.4375,
            51.36184
          ],
          [
            -7.33054,
            51.3125
          ]
        ]
      }
    }
  ]
}